Name,Compare,Pos,Age,Team,GP,Top Speed,22+ MPH,22+ MPH/G,20+ MPH,20+ MPH/G,18+ MPH,18+ MPH/G
BECK MALENSTYN,,R,28.3,BUF,81,24.94,14,0.17,183,2.26,502,6.20
NATHAN MACKINNON,,C,30.8,COL,80,24.78,45,0.56,410,5.13,819,10.24
CONNOR MCDAVID,,C,29.4,EDM,82,24.61,151,1.84,530,6.46,922,11.24
LOGAN COOLEY,,C,22.1,UTA,54,24.38,33,0.61,181,3.35,407,7.54
JAKE SANDERSON,,D,23.9,OTT,67,24.37,31,0.46,173,2.58,516,7.70
RYAN LEONARD,,R,21.4,WSH,75,24.26,11,0.15,112,1.49,415,5.53
BOBBY MCMANN,,L,30.0,SEA,78,24.25,28,0.36,239,3.06,639,8.19
TREVOR MOORE,,L,31.2,L.A,69,24.22,7,0.10,131,1.90,539,7.81
COLE KOEPKE,,R,28.0,WPG,66,24.22,22,0.33,167,2.53,367,5.56
OWEN TIPPETT,,L,27.3,PHI,81,23.97,61,0.75,327,4.04,636,7.85
MICHAEL CARCONE,,R,30.0,UTA,79,23.95,24,0.30,181,2.29,506,6.41
JANSEN HARKINS,,C,29.0,ANA,44,23.95,3,0.07,80,1.82,297,6.75
KASPERI KAPANEN,,R,29.9,EDM,41,23.92,10,0.24,68,1.66,231,5.63
MARTIN NECAS,,R,27.4,COL,78,23.89,37,0.47,311,3.99,1030,13.21
NIKITA ZADOROV,,D,31.1,BOS,81,23.84,7,0.09,50,0.62,210,2.59
MIKHAIL SERGACHEV,,D,27.9,UTA,78,23.84,7,0.09,80,1.03,364,4.67
ADAM EDSTROM,,C,25.6,NYR,35,23.8,9,0.26,60,1.71,160,4.57
FRANK NAZAR,,C,22.4,CHI,66,23.76,15,0.23,175,2.65,448,6.79
DYLAN COZENS,,C,25.3,OTT,82,23.75,22,0.27,189,2.30,671,8.18
ERIK KARLSSON,,D,36.0,PIT,75,23.74,19,0.25,134,1.79,405,5.40
MILES WOOD,,L,30.7,CBJ,54,23.71,22,0.41,145,2.69,353,6.54
DOMINIC JAMES,,C,23.9,T.B,43,23.71,19,0.44,91,2.12,247,5.74
ADRIAN KEMPE,,R,29.7,L.A,81,23.7,16,0.20,208,2.57,709,8.75
MAX SASSON,,L,25.7,VAN,66,23.69,15,0.23,175,2.65,481,7.29
CALE MAKAR,,D,27.6,COL,75,23.68,25,0.33,198,2.64,476,6.35
MORGAN BARRON,,C,27.5,WPG,65,23.64,17,0.26,146,2.25,376,5.78
EGOR CHINAKHOV,,L,25.3,PIT,72,23.63,29,0.40,164,2.28,554,7.69
NICK SUZUKI,,C,26.8,MTL,82,23.62,9,0.11,228,2.78,757,9.23
ROOPE HINTZ,,C,29.5,DAL,53,23.61,33,0.62,226,4.26,508,9.58
CONNOR DEWAR,,L,26.9,PIT,78,23.61,4,0.05,68,0.87,414,5.31
VINNIE HINOSTROZA,,R,32.2,FLA,65,23.61,14,0.22,190,2.92,414,6.37
ERIC ROBINSON,,R,31.0,CAR,67,23.6,22,0.33,103,1.54,341,5.09
ILYA MIKHEYEV,,L,31.6,CHI,77,23.54,12,0.16,182,2.36,484,6.29
TIM STUTZLE,,C,24.4,OTT,80,23.54,46,0.58,318,3.98,756,9.45
JAKE DEBRUSK,,L,29.6,VAN,81,23.53,9,0.11,159,1.96,559,6.90
ALEXEY TOROPCHENKO,,L,26.9,STL,65,23.52,13,0.20,159,2.45,377,5.80
ETHEN FRANK,,R,28.3,WSH,62,23.52,30,0.48,197,3.18,404,6.52
JAKE WALMAN,,D,30.3,EDM,53,23.52,2,0.04,26,0.49,156,2.94
EMIL HEINEMAN,,R,24.5,NYI,82,23.51,17,0.21,160,1.95,640,7.80
JAMIE DRYSDALE,,D,24.2,PHI,78,23.51,7,0.09,135,1.73,445,5.71
VALERI NICHUSHKIN,,R,31.3,COL,72,23.5,15,0.21,171,2.38,607,8.43
WILLIAM NYLANDER,,R,30.1,TOR,65,23.48,5,0.08,107,1.65,437,6.72
COLE SMITH,,L,30.6,VGK,63,23.47,8,0.13,107,1.70,372,5.90
BRAYDEN POINT,,C,30.2,T.B,63,23.46,36,0.57,279,4.43,677,10.75
PHILIP BROBERG,,D,24.9,STL,81,23.46,11,0.14,147,1.81,446,5.51
NOAH HANIFIN,,D,29.4,VGK,71,23.45,6,0.08,75,1.06,364,5.13
MARK SCHEIFELE,,C,33.2,WPG,82,23.44,2,0.02,119,1.45,693,8.45
KIRBY DACH,,R,25.4,MTL,37,23.42,1,0.03,67,1.81,263,7.11
ADAM GAUDETTE,,R,29.7,S.J,66,23.41,1,0.02,42,0.64,311,4.71
TYSON KOZAK,,C,23.4,BUF,46,23.41,9,0.20,97,2.11,332,7.22
ALEX LAFERRIERE,,R,24.6,L.A,82,23.4,9,0.11,173,2.11,649,7.91
BRADY SKJEI,,D,32.2,NSH,82,23.4,2,0.02,63,0.77,315,3.84
ADAM FANTILLI,,C,21.6,CBJ,82,23.39,15,0.18,181,2.21,742,9.05
SETH JARVIS,,R,24.3,CAR,71,23.38,14,0.20,157,2.21,496,6.99
LUKE HUGHES,,D,22.7,N.J,68,23.37,7,0.10,110,1.62,399,5.87
KIRILL MARCHENKO,,L,25.9,CBJ,76,23.36,28,0.37,273,3.59,821,10.80
GUSTAV FORSLING,,D,30.0,FLA,80,23.34,4,0.05,70,0.88,351,4.39
GAGE GONCALVES,,L,25.4,T.B,74,23.32,3,0.04,37,0.50,286,3.86
BOBBY BRINK,,R,24.9,MIN,68,23.3,2,0.03,105,1.54,548,8.06
BRANDON DUHAIME,,L,29.0,WSH,82,23.3,11,0.13,108,1.32,378,4.61
ROBERT THOMAS,,C,26.9,STL,64,23.3,1,0.02,88,1.38,454,7.09
PEYTON KREBS,,L,25.4,BUF,82,23.28,10,0.12,158,1.93,594,7.24
LUKE GLENDENING,,L,37.1,PHI,70,23.28,7,0.10,115,1.64,439,6.27
JOSH ANDERSON,,R,32.1,MTL,72,23.28,36,0.50,221,3.07,566,7.86
LEON DRAISAITL,,C,30.6,EDM,65,23.28,12,0.18,142,2.18,513,7.89
CHANDLER STEPHENSON,,C,32.1,SEA,80,23.27,8,0.10,161,2.01,585,7.31
ZACK OSTAPCHUK,,C,23.0,S.J,59,23.27,10,0.17,142,2.41,404,6.85
JAROSLAV CHMELAR,,R,22.9,NYR,28,23.25,6,0.21,60,2.14,144,5.14
JOEL KIVIRANTA,,R,30.2,COL,51,23.25,2,0.04,58,1.14,284,5.57
NICK SCHMALTZ,,C,30.3,UTA,82,23.24,10,0.12,198,2.41,822,10.02
CONNOR BROWN,,R,32.4,N.J,75,23.23,4,0.05,112,1.49,560,7.47
K'ANDRE MILLER,,D,26.4,CAR,72,23.22,4,0.06,74,1.03,321,4.46
BRANDON HAGEL,,L,27.8,T.B,71,23.22,12,0.17,154,2.17,483,6.80
IAN MOORE,,D,24.4,ANA,67,23.2,1,0.01,64,0.96,314,4.69
BRETT HOWDEN,,L,28.2,VGK,58,23.2,8,0.14,165,2.84,444,7.66
DARNELL NURSE,,D,31.3,EDM,82,23.2,6,0.07,95,1.16,401,4.89
RYAN MCLEOD,,C,26.7,BUF,81,23.18,9,0.11,307,3.79,968,11.95
JOE VELENO,,C,26.4,MTL,61,23.18,6,0.10,130,2.13,347,5.69
CALUM RITCHIE,,R,21.4,NYI,65,23.17,3,0.05,92,1.42,381,5.86
DANILA YUROV,,R,22.4,MIN,73,23.17,6,0.08,92,1.26,395,5.41
QUINTON BYFIELD,,C,23.8,L.A,79,23.16,27,0.34,270,3.42,888,11.24
GAVIN BRINDLEY,,R,21.7,COL,56,23.16,10,0.18,158,2.82,367,6.55
HAYDN FLEURY,,D,29.9,WPG,38,23.15,1,0.03,39,1.03,118,3.11
MACKIE SAMOSKEVICH,,L,23.6,SEA,77,23.15,11,0.14,175,2.27,588,7.64
ROSS COLTON,,L,29.7,NSH,73,23.14,13,0.18,181,2.48,595,8.15
ALEX NEWHOOK,,L,25.3,MTL,42,23.14,5,0.12,69,1.64,242,5.76
ALIAKSEI PROTAS,,L,25.4,WSH,76,23.14,12,0.16,156,2.05,459,6.04
NIKOLAS MATINPALO,,D,27.7,OTT,50,23.13,2,0.04,42,0.84,213,4.26
RYAN POEHLING,,C,27.4,ANA,75,23.13,15,0.20,200,2.67,584,7.79
JESPER BOQVIST,,R,27.6,FLA,73,23.13,9,0.12,134,1.84,517,7.08
PAUL COTTER,,L,26.5,N.J,79,23.12,12,0.15,152,1.92,484,6.13
JARED WRIGHT,,R,23.5,L.A,23,23.12,12,0.52,107,4.65,256,11.13
ANDREI SVECHNIKOV,,L,26.2,CAR,79,23.11,11,0.14,130,1.65,498,6.30
NIKOLAJ EHLERS,,L,30.3,CAR,82,23.11,20,0.24,162,1.98,573,6.99
ALEXANDER WENNBERG,,C,31.7,S.J,80,23.11,4,0.05,98,1.23,479,5.99
VASILY PODKOLZIN,,L,24.9,EDM,82,23.11,8,0.10,183,2.23,737,8.99
JORDAN STAAL,,C,37.7,CAR,75,23.11,3,0.04,72,0.96,447,5.96
UVIS BALINSKIS,,D,29.8,FLA,54,23.11,2,0.04,31,0.57,206,3.81
MATTHEW SCHAEFER,,D,18.7,NYI,82,23.09,33,0.40,236,2.88,652,7.95
LOUIS CREVIER,,D,25.1,CHI,78,23.09,4,0.05,55,0.71,243,3.12
JAKOB CHYCHRUN,,D,28.2,WSH,80,23.08,4,0.05,87,1.09,408,5.10
BO HORVAT,,C,31.2,NYI,68,23.08,16,0.24,174,2.56,540,7.94
CUTTER GAUTHIER,,R,22.4,ANA,76,23.06,20,0.26,185,2.43,674,8.87
CHARLIE COYLE,,C,34.3,CBJ,82,23.06,2,0.02,85,1.04,464,5.66
ZACH HYMAN,,R,34.0,EDM,58,23.06,9,0.16,125,2.16,325,5.60
ZACH WERENSKI,,D,28.9,CBJ,75,23.06,5,0.07,118,1.57,471,6.28
MARCUS JOHANSSON,,L,35.7,MIN,75,23.06,4,0.05,180,2.40,525,7.00
BROCK FABER,,D,23.8,MIN,80,23.05,4,0.05,125,1.56,422,5.28
SCOTT MAYFIELD,,D,33.6,NYI,80,23.05,1,0.01,14,0.18,164,2.05
JACK QUINN,,R,24.7,BUF,82,23.04,6,0.07,197,2.40,745,9.09
LUKAS REICHEL,,L,24.0,BOS,29,23.04,1,0.03,45,1.55,201,6.93
VLADISLAV GAVRIKOV,,D,30.5,NYR,82,23.04,2,0.02,35,0.43,248,3.02
JOSH NORRIS,,C,27.1,BUF,44,23.04,10,0.23,114,2.59,368,8.36
ISAAC HOWARD,,L,22.2,EDM,29,23.04,3,0.10,45,1.55,162,5.59
NOAH LABA,,C,22.8,NYR,74,23.04,14,0.19,165,2.23,562,7.59
JORDAN KYROU,,R,28.1,STL,72,23.04,4,0.06,138,1.92,452,6.28
VINCENT TROCHECK,,C,32.9,NYR,67,23.04,7,0.10,120,1.79,493,7.36
JACK EICHEL,,C,29.6,VGK,74,23.03,26,0.35,344,4.65,830,11.22
JURAJ SLAFKOVSKY,,R,22.2,MTL,82,23.03,5,0.06,157,1.91,530,6.46
DYLAN GUENTHER,,R,23.2,UTA,79,23.02,14,0.18,203,2.57,645,8.16
COLE REINHARDT,,L,26.3,FLA,59,23.01,8,0.14,129,2.19,407,6.90
CONNOR MCMICHAEL,,L,25.4,WSH,78,23.01,8,0.10,166,2.13,590,7.56
PIERRE-OLIVIER JOSEPH,,D,26.9,VAN,31,23,1,0.03,15,0.48,103,3.32
ANTHONY BEAUVILLIER,,R,29.0,WSH,82,23,9,0.11,153,1.87,636,7.76
NICK LARDIS,,R,20.9,CHI,41,23,3,0.07,74,1.80,291,7.10
OLIVER MOORE,,L,21.4,CHI,51,23,9,0.18,131,2.57,416,8.16
RYKER EVANS,,D,24.5,SEA,67,22.99,2,0.03,40,0.60,250,3.73
BRANDON TANEV,,R,34.4,UTA,56,22.99,4,0.07,94,1.68,352,6.29
COLTON SISSONS,,R,32.6,VGK,66,22.98,1,0.02,91,1.38,374,5.67
LANE HUTSON,,D,22.3,MTL,82,22.97,5,0.06,136,1.66,641,7.82
YAKOV TRENIN,,C,29.4,MIN,82,22.96,13,0.16,156,1.90,617,7.52
MAX DOMI,,C,31.3,TOR,80,22.95,6,0.08,132,1.65,430,5.38
STEVEN STAMKOS,,L,36.3,NSH,82,22.95,4,0.05,120,1.46,536,6.54
FRANK VATRANO,,R,32.2,ANA,50,22.95,3,0.06,46,0.92,223,4.46
TAYLOR RADDYSH,,L,28.3,NYR,68,22.95,2,0.03,85,1.25,368,5.41
PONTUS HOLMBERG,,C,27.2,T.B,70,22.93,3,0.04,95,1.36,424,6.06
RIDLY GREIG,,L,23.8,OTT,77,22.93,4,0.05,105,1.36,399,5.18
SAM MALINSKI,,D,27.9,COL,82,22.93,6,0.07,110,1.34,504,6.15
COLLIN GRAF,,L,23.7,S.J,81,22.92,6,0.07,117,1.44,514,6.35
BERKLY CATTON,,L,20.4,SEA,66,22.89,6,0.09,133,2.02,525,7.95
MARAT KHUSNUTDINOV,,L,23.9,BOS,77,22.89,5,0.06,104,1.35,472,6.13
CHRIS KREIDER,,L,35.1,ANA,75,22.89,4,0.05,90,1.20,410,5.47
FEDOR SVECHKOV,,C,23.2,NSH,70,22.88,4,0.06,109,1.56,454,6.49
CONOR GARLAND,,R,30.2,CBJ,71,22.87,3,0.04,99,1.39,555,7.82
SONNY MILANO,,R,30.1,WSH,31,22.87,4,0.13,61,1.97,144,4.65
BOWEN BYRAM,,D,25.0,BUF,82,22.87,3,0.04,104,1.27,464,5.66
RYAN LOMBERG,,L,31.5,CGY,57,22.87,2,0.04,50,0.88,228,4.00
ANTHONY MANTHA,,R,31.7,PIT,81,22.86,2,0.02,94,1.16,345,4.26
SIDNEY CROSBY,,C,38.8,PIT,68,22.86,9,0.13,129,1.90,469,6.90
TAYLOR HALL,,L,34.6,CAR,80,22.85,8,0.10,139,1.74,561,7.01
RICKARD RAKELL,,L,33.1,PIT,60,22.85,4,0.07,95,1.58,570,9.50
BECKETT SENNECKE,,R,20.3,ANA,82,22.85,10,0.12,220,2.68,701,8.55
TAGE THOMPSON,,C,28.6,BUF,81,22.85,8,0.10,168,2.07,681,8.41
MARCO KASPER,,C,22.2,DET,81,22.84,3,0.04,135,1.67,626,7.73
BEN MEYERS,,C,27.6,SEA,52,22.84,1,0.02,74,1.42,350,6.73
MIKKO RANTANEN,,R,29.6,DAL,64,22.84,1,0.02,74,1.16,384,6.00
MATTIAS SAMUELSSON,,D,26.2,BUF,78,22.84,2,0.03,91,1.17,389,4.99
MARC GATCOMB,,R,26.9,NYI,49,22.83,6,0.12,69,1.41,324,6.61
LAWSON CROUSE,,R,28.9,UTA,81,22.83,10,0.12,145,1.79,588,7.26
DREW O'CONNOR,,L,28.0,VAN,82,22.82,14,0.17,126,1.54,509,6.21
TOM WILSON,,R,32.2,WSH,72,22.82,8,0.11,154,2.14,562,7.81
BRENDAN GALLAGHER,,R,34.1,MTL,77,22.82,7,0.09,93,1.21,320,4.16
JOHN BEECHER,,C,25.2,CGY,35,22.82,1,0.03,56,1.60,157,4.49
NATHAN WALKER,,R,32.3,STL,46,22.82,2,0.04,65,1.41,253,5.50
CLAYTON KELLER,,L,27.8,UTA,82,22.81,2,0.02,145,1.77,638,7.78
MIKE MATHESON,,D,32.3,MTL,78,22.81,6,0.08,84,1.08,318,4.08
RYAN PULOCK,,D,31.7,NYI,76,22.81,2,0.03,32,0.42,201,2.64
PATRICK KANE,,R,37.5,DET,67,22.8,1,0.01,75,1.12,473,7.06
SIMON BENOIT,,D,27.7,PHI,73,22.8,6,0.08,64,0.88,221,3.03
COLIN BLACKWELL,,R,33.2,DAL,70,22.8,4,0.06,89,1.27,361,5.16
NICO HISCHIER,,C,27.4,N.J,82,22.79,3,0.04,106,1.29,497,6.06
JEFFREY VIEL,,R,29.3,ANA,45,22.79,3,0.07,49,1.09,228,5.07
ALEX TUCH,,R,30.1,BUF,79,22.79,8,0.10,129,1.63,465,5.89
BRYAN RUST,,R,34.1,PIT,72,22.79,7,0.10,117,1.63,420,5.83
ISAC LUNDESTROM,,R,26.6,CBJ,68,22.78,10,0.15,102,1.50,328,4.82
MATHIEU JOSEPH,,R,29.3,L.A,51,22.78,7,0.14,78,1.53,295,5.78
MATTIAS JANMARK,,L,33.5,EDM,43,22.77,8,0.19,53,1.23,187,4.35
J.T. MILLER,,C,33.2,NYR,68,22.77,11,0.16,136,2.00,475,6.99
RYAN NUGENT-HOPKINS,,L,33.1,EDM,72,22.77,3,0.04,60,0.83,376,5.22
JEFF MALOTT,,L,29.8,L.A,58,22.77,7,0.12,84,1.45,400,6.90
JACK ROSLOVIC,,R,29.3,EDM,69,22.76,21,0.30,165,2.39,507,7.35
BARRETT HAYTON,,C,26.0,UTA,67,22.76,3,0.04,143,2.13,610,9.10
MATT SAVOIE,,L,22.4,EDM,82,22.76,7,0.09,123,1.50,466,5.68
SIMON HOLMSTROM,,R,25.0,NYI,79,22.75,9,0.11,149,1.89,559,7.08
LUCAS RAYMOND,,R,24.2,DET,80,22.75,5,0.06,108,1.35,472,5.90
MATIAS MACCELLI,,L,25.6,TOR,71,22.75,2,0.03,55,0.77,422,5.94
MICHAEL MISA,,C,19.3,S.J,45,22.75,7,0.16,95,2.11,348,7.73
TY EMBERSON,,D,26.0,EDM,72,22.75,1,0.01,50,0.69,301,4.18
MARK KASTELIC,,R,27.2,BOS,82,22.73,11,0.13,160,1.95,603,7.35
ISAK ROSEN,,R,23.2,WPG,37,22.73,6,0.16,45,1.22,206,5.57
MORGAN FROST,,C,27.1,CGY,82,22.73,6,0.07,136,1.66,539,6.57
JUSTIN FAULK,,D,34.2,DET,78,22.73,3,0.04,66,0.85,358,4.59
VICTOR OLOFSSON,,R,30.9,CGY,78,22.73,1,0.01,107,1.37,390,5.00
CASEY CIZIKAS,,C,35.3,NYI,81,22.73,4,0.05,126,1.56,551,6.80
BRANDON MONTOUR,,D,32.1,SEA,64,22.72,4,0.06,88,1.38,406,6.34
ZEEV BUIUM,,D,20.5,VAN,76,22.72,2,0.03,43,0.57,298,3.92
STEVEN LORENTZ,,L,30.1,TOR,71,22.72,2,0.03,95,1.34,376,5.30
FRASER MINTEN,,C,21.9,BOS,82,22.71,9,0.11,108,1.32,535,6.52
MORGAN RIELLY,,D,32.2,TOR,78,22.71,2,0.03,69,0.88,386,4.95
JORDAN MARTINOOK,,R,33.9,CAR,77,22.71,5,0.06,79,1.03,350,4.55
VIKTOR ARVIDSSON,,R,33.2,BOS,69,22.71,6,0.09,64,0.93,348,5.04
HENDRIX LAPIERRE,,L,24.3,WSH,74,22.71,3,0.04,131,1.77,459,6.20
COLE SILLINGER,,L,23.1,CBJ,81,22.71,8,0.10,138,1.70,543,6.70
WARREN FOEGELE,,L,30.2,OTT,68,22.7,2,0.03,103,1.51,465,6.84
TRAVIS SANHEIM,,D,30.2,PHI,81,22.7,3,0.04,101,1.25,440,5.43
MATT CORONATO,,R,23.6,CGY,80,22.68,3,0.04,96,1.20,487,6.09
ANTHONY DUCLAIR,,L,30.8,NYI,62,22.68,4,0.06,63,1.02,222,3.58
JAKE MCCABE,,D,32.6,TOR,80,22.67,2,0.03,60,0.75,286,3.58
BRENDEN DILLON,,D,35.6,N.J,82,22.67,2,0.02,30,0.37,177,2.16
SEAN DURZI,,D,27.6,UTA,60,22.67,3,0.05,51,0.85,251,4.18
CONNOR CLIFTON,,D,31.1,PIT,50,22.67,1,0.02,25,0.50,126,2.52
ELIAS PETTERSSON,,C,27.6,VAN,74,22.67,3,0.04,104,1.41,489,6.61
NOAH GREGOR,,R,27.9,FLA,37,22.67,6,0.16,70,1.89,177,4.78
NICHOLAS ROBERTSON,,R,24.7,TOR,78,22.67,8,0.10,139,1.78,542,6.95
CARL GRUNDSTROM,,L,28.5,PHI,47,22.66,5,0.11,82,1.74,340,7.23
JOHN TAVARES,,C,35.7,TOR,82,22.66,4,0.05,78,0.95,535,6.52
LANDON SLAGGERT,,R,23.9,CHI,53,22.66,5,0.09,99,1.87,330,6.23
NICK JENSEN,,D,35.7,OTT,61,22.66,1,0.02,29,0.48,215,3.52
JASON ROBERTSON,,L,26.9,DAL,82,22.66,2,0.02,59,0.72,314,3.83
JESPER BRATT,,L,27.8,N.J,82,22.65,7,0.09,166,2.02,642,7.83
JONNY BRODZINSKI,,R,33.0,NYR,55,22.65,5,0.09,76,1.38,305,5.55
WILLIAM CARRIER,,L,31.5,CAR,70,22.65,6,0.09,113,1.61,364,5.20
ELIAS PETTERSSON,,D,22.3,VAN,70,22.65,1,0.01,40,0.57,229,3.27
JONATAN BERGGREN,,L,25.9,STL,51,22.65,2,0.04,84,1.65,281,5.51
ARSENY GRITSYUK,,L,25.2,N.J,66,22.65,3,0.05,92,1.39,437,6.62
EVGENII DADONOV,,L,37.2,N.J,24,22.65,4,0.17,36,1.50,154,6.42
LIAM OHGREN,,L,22.3,VAN,69,22.64,7,0.10,120,1.74,479,6.94
ALEX DEBRINCAT,,L,28.5,DET,82,22.64,1,0.01,114,1.39,604,7.37
BRANDON SAAD,,L,33.6,VGK,49,22.64,3,0.06,71,1.45,269,5.49
BROCK NELSON,,C,34.6,COL,81,22.64,3,0.04,147,1.81,722,8.91
TRENT FREDERIC,,R,28.3,EDM,74,22.64,3,0.04,79,1.07,382,5.16
JACKSON LACOMBE,,D,25.4,ANA,82,22.63,5,0.06,105,1.28,584,7.12
RUTGER MCGROARTY,,L,22.2,PIT,24,22.61,1,0.04,27,1.13,136,5.67
KENT JOHNSON,,R,23.6,CBJ,76,22.61,2,0.03,68,0.89,483,6.36
KIEFER SHERWOOD,,R,31.2,S.J,72,22.6,7,0.10,97,1.35,468,6.50
EVANDER KANE,,R,34.8,VAN,71,22.6,2,0.03,92,1.30,397,5.59
BRAD LAMBERT,,R,22.5,WPG,25,22.6,2,0.08,58,2.32,180,7.20
RYAN WINTERTON,,R,22.7,SEA,68,22.59,5,0.07,135,1.99,473,6.96
ADAM KLAPKA,,R,25.7,CGY,79,22.59,5,0.06,99,1.25,452,5.72
TIMOTHY LILJEGREN,,D,27.1,WSH,47,22.59,1,0.02,47,1.00,210,4.47
COLTON DACH,,L,23.4,EDM,61,22.58,1,0.02,54,0.89,323,5.30
SHANE PINTO,,C,25.6,OTT,72,22.58,1,0.01,81,1.13,462,6.42
TROY TERRY,,R,28.7,ANA,61,22.58,2,0.03,71,1.16,441,7.23
ARSHDEEP BAINS,,L,25.4,VAN,28,22.57,1,0.04,26,0.93,97,3.46
SEAN KURALY,,C,33.4,BOS,82,22.57,1,0.01,76,0.93,367,4.48
COLE CAUFIELD,,L,25.4,MTL,81,22.57,1,0.01,89,1.10,538,6.64
JACOB QUILLAN,,C,24.3,TOR,23,22.57,2,0.09,30,1.30,135,5.87
KYLE MACLEAN,,L,27.1,NYI,59,22.57,10,0.17,101,1.71,312,5.29
JJ PETERKA,,L,24.4,UTA,82,22.57,9,0.11,203,2.48,662,8.07
SAM REINHART,,R,30.6,FLA,64,22.56,1,0.02,36,0.56,336,5.25
ANDREW MANGIAPANE,,L,30.2,CHI,62,22.55,2,0.03,52,0.84,368,5.94
ONDREJ PALAT,,L,35.2,NYI,80,22.55,1,0.01,52,0.65,396,4.95
IVAN BARBASHEV,,L,30.5,VGK,82,22.54,1,0.01,66,0.80,395,4.82
BEN KINDEL,,C,19.1,PIT,77,22.54,2,0.03,124,1.61,673,8.74
JUHO LAMMIKKO,,L,30.3,,24,22.53,2,0.08,31,1.29,153,6.38
JOHN CARLSON,,D,36.4,ANA,71,22.52,1,0.01,31,0.44,181,2.55
BLAKE COLEMAN,,L,34.5,CGY,69,22.52,4,0.06,82,1.19,521,7.55
SPENCER STASTNEY,,D,26.4,EDM,66,22.52,3,0.05,64,0.97,271,4.11
TOM WILLANDER,,D,21.3,VAN,70,22.52,2,0.03,61,0.87,347,4.96
MICHAEL BUNTING,,L,30.7,DAL,74,22.52,2,0.03,74,1.00,366,4.95
FABIAN ZETTERLUND,,R,26.8,OTT,82,22.51,5,0.06,116,1.41,489,5.96
QUINN HUGHES,,D,26.6,MIN,74,22.51,2,0.03,172,2.32,561,7.58
HAMPUS LINDHOLM,,D,32.4,BOS,67,22.51,2,0.03,50,0.75,275,4.10
MICHAEL EYSSIMONT,,R,29.7,BOS,56,22.51,2,0.04,43,0.77,229,4.09
JEREMY LAUZON,,D,29.1,VGK,68,22.51,1,0.01,50,0.74,209,3.07
ADAM WILSBY,,D,25.8,NSH,58,22.51,1,0.02,67,1.16,328,5.66
DYLAN LARKIN,,C,29.8,DET,74,22.51,7,0.09,179,2.42,698,9.43
ERIK HAULA,,C,35.2,NSH,81,22.5,7,0.09,105,1.30,657,8.11
DENVER BARKEY,,C,21.1,PHI,43,22.5,2,0.05,60,1.40,315,7.33
LINUS KARLSSON,,R,26.5,VAN,79,22.5,1,0.01,32,0.41,294,3.72
GARNET HATHAWAY,,R,34.5,PHI,66,22.49,2,0.03,55,0.83,374,5.67
JACK HUGHES,,C,25.1,N.J,61,22.49,4,0.07,124,2.03,583,9.56
TYLER MYERS,,D,36.3,DAL,73,22.49,2,0.03,37,0.51,253,3.47
NICK PAUL,,R,31.2,T.B,51,22.49,3,0.06,64,1.25,283,5.55
SHANE WRIGHT,,C,22.4,SEA,74,22.49,3,0.04,137,1.85,616,8.32
OLEN ZELLWEGER,,D,22.7,ANA,76,22.49,8,0.11,162,2.13,587,7.72
RASMUS DAHLIN,,D,26.1,BUF,77,22.48,1,0.01,60,0.78,451,5.86
RYAN DONATO,,L,30.2,CHI,82,22.48,2,0.02,62,0.76,424,5.17
CONOR SHEARY,,R,34.0,NYR,62,22.48,2,0.03,49,0.79,339,5.47
ZEMGUS GIRGENSONS,,L,32.4,T.B,74,22.48,2,0.03,123,1.66,541,7.31
MATHEW BARZAL,,C,29.0,NYI,81,22.48,15,0.19,298,3.68,812,10.02
MATTHEW ROBERTSON,,D,25.2,NYR,72,22.47,2,0.03,26,0.36,183,2.54
ANDREW COPP,,C,31.9,DET,79,22.47,5,0.06,111,1.41,512,6.48
TONY DEANGELO,,D,30.6,NYI,76,22.47,5,0.07,54,0.71,335,4.41
NIKITA NESTERENKO,,L,24.7,ANA,29,22.47,5,0.17,44,1.52,185,6.38
ALEX KILLORN,,L,36.7,ANA,82,22.46,2,0.02,67,0.82,413,5.04
NOAH DOBSON,,D,26.4,MTL,80,22.46,1,0.01,64,0.80,292,3.65
JASON DICKINSON,,C,30.9,EDM,64,22.46,2,0.03,76,1.19,395,6.17
JARED SPURGEON,,D,36.5,MIN,79,22.46,2,0.03,38,0.48,275,3.48
MAVRIK BOURQUE,,R,24.4,DAL,82,22.46,1,0.01,118,1.44,617,7.52
LEO CARLSSON,,C,21.4,ANA,70,22.46,9,0.13,188,2.69,768,10.97
ANTHONY CIRELLI,,C,28.9,T.B,71,22.45,6,0.08,82,1.15,336,4.73
JALEN CHATFIELD,,D,30.1,CAR,72,22.45,2,0.03,48,0.67,268,3.72
MIRO HEISKANEN,,D,26.9,DAL,77,22.45,3,0.04,68,0.88,366,4.75
DAVID KAMPF,,C,31.4,WSH,40,22.45,1,0.03,40,1.00,290,7.25
WILL CUYLLE,,L,24.3,NYR,82,22.44,2,0.02,120,1.46,508,6.20
NIKITA KUCHEROV,,R,33.0,T.B,77,22.44,3,0.04,135,1.75,503,6.53
JOHN MARINO,,D,29.0,UTA,80,22.44,2,0.03,59,0.74,215,2.69
JOEL ERIKSSON EK,,C,29.3,MIN,70,22.44,4,0.06,91,1.30,513,7.33
ERIK GUDBRANSON,,D,34.4,CBJ,37,22.44,1,0.03,16,0.43,140,3.78
BRAYDEN SCHENN,,L,34.8,NYI,80,22.43,2,0.03,83,1.04,551,6.89
PAVEL DOROFEYEV,,R,25.6,VGK,82,22.43,3,0.04,66,0.80,428,5.22
KIRILL KAPRIZOV,,L,29.1,MIN,78,22.43,2,0.03,87,1.12,618,7.92
TIMO MEIER,,L,29.7,N.J,77,22.43,5,0.06,106,1.38,531,6.90
OLIVER KAPANEN,,C,22.8,MTL,82,22.43,3,0.04,124,1.51,573,6.99
EMMITT FINNIE,,L,20.9,DET,82,22.42,3,0.04,190,2.32,634,7.73
JEFF PETRY,,D,38.5,MIN,67,22.42,1,0.01,30,0.45,221,3.30
NOAH CATES,,C,27.3,PHI,82,22.41,1,0.01,37,0.45,447,5.45
BRAD MARCHAND,,R,38.1,FLA,52,22.41,5,0.10,99,1.90,374,7.19
LUKE EVANGELISTA,,R,24.3,NSH,81,22.41,1,0.01,69,0.85,489,6.04
MARK STONE,,R,34.1,VGK,60,22.41,1,0.02,34,0.57,209,3.48
TIM WASHE,,C,24.8,ANA,39,22.41,2,0.05,58,1.49,240,6.15
KAIDEN GUHLE,,D,24.4,MTL,39,22.4,1,0.03,27,0.69,138,3.54
CARTER VERHAEGHE,,L,30.8,FLA,77,22.4,6,0.08,174,2.26,644,8.36
J.T. COMPHER,,C,31.2,DET,82,22.4,6,0.07,152,1.85,544,6.63
PAVEL ZACHA,,C,29.2,BOS,78,22.39,1,0.01,61,0.78,438,5.62
ALEX TURCOTTE,,C,25.3,L.A,62,22.39,5,0.08,108,1.74,434,7.00
IVAN DEMIDOV,,R,20.5,MTL,82,22.39,5,0.06,150,1.83,613,7.48
MARTIN FEHERVARY,,D,26.7,WSH,81,22.39,3,0.04,52,0.64,231,2.85
KEEGAN KOLESAR,,R,29.2,VGK,82,22.38,3,0.04,123,1.50,522,6.37
ALEXANDER NIKISHIN,,D,24.7,CAR,81,22.38,3,0.04,62,0.77,296,3.65
ALEX VLASIC,,D,25.0,CHI,81,22.37,4,0.05,67,0.83,334,4.12
ALEXANDER KERFOOT,,L,31.8,UTA,34,22.37,2,0.06,41,1.21,208,6.12
TANNER JEANNOT,,L,29.0,BOS,77,22.37,3,0.04,104,1.35,460,5.97
ALEX IAFALLO,,R,32.5,WPG,79,22.37,1,0.01,70,0.89,445,5.63
CHARLIE MCAVOY,,D,28.5,BOS,69,22.36,3,0.04,72,1.04,439,6.36
CONNOR BEDARD,,C,20.9,CHI,69,22.36,11,0.16,184,2.67,703,10.19
MAX JONES,,L,28.3,EDM,21,22.36,5,0.24,36,1.71,112,5.33
NICO STURM,,C,31.1,MIN,49,22.35,2,0.04,42,0.86,227,4.63
CHRISTIAN DVORAK,,C,30.3,PHI,80,22.35,3,0.04,196,2.45,744,9.30
WYATT KAISER,,D,23.8,CHI,77,22.35,4,0.05,61,0.79,362,4.70
TRAVIS KONECNY,,R,29.2,PHI,77,22.35,2,0.03,107,1.39,458,5.95
NICOLAS HAGUE,,D,27.5,NSH,62,22.35,1,0.02,14,0.23,152,2.45
JUSTIN SOURDIF,,C,24.2,WSH,78,22.35,5,0.06,141,1.81,536,6.87
RYAN HARTMAN,,R,31.7,MIN,76,22.34,2,0.03,42,0.55,293,3.86
MIKAEL GRANLUND,,C,34.3,ANA,58,22.34,3,0.05,79,1.36,350,6.03
STEPHEN HALLIDAY,,C,23.9,OTT,30,22.33,2,0.07,38,1.27,160,5.33
KYLE PALMIERI,,R,35.3,NYI,25,22.33,1,0.04,22,0.88,117,4.68
OWEN POWER,,D,23.5,BUF,81,22.33,1,0.01,41,0.51,387,4.78
J.J. MOSER,,D,26.0,T.B,79,22.33,1,0.01,38,0.48,344,4.35
COLTON PARAYKO,,D,33.1,STL,77,22.33,3,0.04,91,1.18,368,4.78
SCOTT LAUGHTON,,C,32.0,L.A,64,22.32,1,0.02,76,1.19,374,5.84
MATT REMPE,,R,23.9,NYR,26,22.32,3,0.12,37,1.42,153,5.88
MACKLIN CELEBRINI,,C,20.0,S.J,82,22.32,2,0.02,184,2.24,872,10.63
ALEXIS LAFRENIERE,,R,24.6,NYR,82,22.32,5,0.06,96,1.17,611,7.45
MIKA ZIBANEJAD,,C,33.1,NYR,81,22.32,1,0.01,123,1.52,654,8.07
WILLIAM EKLUND,,L,23.6,S.J,78,22.31,2,0.03,109,1.40,627,8.04
RYAN GREENE,,L,22.6,CHI,81,22.31,2,0.02,79,0.98,548,6.77
BLAKE LIZOTTE,,C,28.5,PIT,55,22.3,2,0.04,102,1.85,387,7.04
WILL BORGEN,,D,29.5,NYR,75,22.3,4,0.05,44,0.59,281,3.75
EETU LUOSTARINEN,,C,27.8,FLA,73,22.3,1,0.01,57,0.78,393,5.38
NICK LEDDY,,D,35.2,S.J,32,22.29,1,0.03,17,0.53,100,3.13
MATTHEW KNIES,,L,23.6,TOR,79,22.29,2,0.03,95,1.20,439,5.56
CASEY MITTELSTADT,,L,27.5,BOS,71,22.28,1,0.01,69,0.97,427,6.01
REID SCHAEFER,,L,22.7,NSH,47,22.28,1,0.02,73,1.55,257,5.47
TYLER PITLICK,,C,34.6,MIN,32,22.28,3,0.09,37,1.16,157,4.91
DENTON MATEYCHUK,,D,21.9,CBJ,75,22.28,3,0.04,74,0.99,346,4.61
LARS ELLER,,C,37.1,OTT,68,22.27,1,0.01,74,1.09,362,5.32
MATT BOLDY,,L,25.2,MIN,76,22.27,3,0.04,90,1.18,458,6.03
NICK SEELER,,D,33.0,PHI,80,22.27,1,0.01,24,0.30,173,2.16
SAM DICKINSON,,D,20.0,S.J,72,22.27,1,0.01,57,0.79,308,4.28
MICHAEL AMADIO,,R,30.1,OTT,81,22.26,3,0.04,102,1.26,571,7.05
JAKE GUENTZEL,,L,31.7,T.B,81,22.26,1,0.01,98,1.21,511,6.31
THOMAS CHABOT,,D,29.3,OTT,57,22.26,2,0.04,55,0.96,327,5.74
BOONE JENNER,,C,33.0,CBJ,67,22.26,1,0.01,70,1.04,397,5.93
TY DELLANDREA,,R,25.9,S.J,46,22.25,2,0.04,84,1.83,345,7.50
MICHAEL RASMUSSEN,,C,27.1,DET,64,22.25,2,0.03,91,1.42,399,6.23
SAM BENNETT,,C,30.0,FLA,76,22.24,1,0.01,97,1.28,596,7.84
JONATHAN ASPIROT,,D,27.1,BOS,61,22.24,1,0.02,32,0.52,185,3.03
ANDERS LEE,,L,35.9,NYI,82,22.24,3,0.04,65,0.79,398,4.85
VLADISLAV NAMESTNIKOV,,C,33.5,WPG,60,22.24,1,0.02,71,1.18,389,6.48
ERIK CERNAK,,D,29.0,T.B,61,22.23,2,0.03,38,0.62,168,2.75
JAKE EVANS,,C,30.0,MTL,68,22.23,3,0.04,82,1.21,419,6.16
PARKER KELLY,,L,27.1,COL,82,22.23,3,0.04,122,1.49,483,5.89
TEDDY BLUEGER,,C,31.8,VAN,35,22.23,1,0.03,40,1.14,217,6.20
CURTIS LAZAR,,R,31.3,EDM,45,22.23,2,0.04,54,1.20,216,4.80
BARCLAY GOODROW,,L,33.3,S.J,82,22.22,2,0.02,69,0.84,357,4.35
PHILIPPE MYERS,,D,29.4,TOR,39,22.22,1,0.03,28,0.72,123,3.15
PHILIPP KURASHEV,,C,26.6,S.J,43,22.21,1,0.02,59,1.37,340,7.91
JOEL FARABEE,,R,26.3,CGY,82,22.21,2,0.02,71,0.87,435,5.30
ZACHARY ASTON-REESE,,L,31.8,CBJ,27,22.21,1,0.04,45,1.67,189,7.00
SHEA THEODORE,,D,30.8,VGK,70,22.2,1,0.01,52,0.74,362,5.17
NATE DANIELSON,,C,21.7,DET,28,22.2,1,0.04,45,1.61,187,6.68
JOSH DOAN,,R,24.3,BUF,82,22.2,7,0.09,148,1.80,608,7.41
ZAKHAR BARDAKOV,,C,25.3,COL,60,22.19,2,0.03,66,1.10,245,4.08
JACOB MELANSON,,R,23.1,SEA,36,22.19,5,0.14,65,1.81,214,5.94
GUSTAV NYQUIST,,L,36.8,WPG,51,22.19,2,0.04,34,0.67,262,5.14
MICHAEL MCCARRON,,C,31.2,MIN,79,22.19,1,0.01,84,1.06,599,7.58
SEBASTIAN AHO,,C,28.9,CAR,79,22.18,2,0.03,126,1.59,505,6.39
DAVID PERRON,,R,38.0,DET,65,22.18,1,0.02,36,0.55,204,3.14
MARK JANKOWSKI,,C,31.7,CAR,68,22.18,1,0.01,37,0.54,235,3.46
OLLI MAATTA,,D,31.8,CGY,43,22.18,0,0.00,9,0.21,164,3.81
MORGAN GEEKIE,,R,27.9,BOS,81,22.18,1,0.01,63,0.78,369,4.56
SIMON EDVINSSON,,D,23.3,DET,72,22.17,1,0.01,25,0.35,233,3.24
IGOR CHERNYSHOV,,L,20.5,S.J,28,22.17,3,0.11,68,2.43,243,8.68
MATTIAS EKHOLM,,D,36.0,EDM,82,22.17,1,0.01,29,0.35,342,4.17
NILS LUNDKVIST,,D,25.9,DAL,52,22.17,1,0.02,35,0.67,191,3.67
BRADEN SCHNEIDER,,D,24.7,NYR,82,22.17,1,0.01,46,0.56,313,3.82
ANDRE BURAKOVSKY,,R,31.3,CHI,75,22.17,2,0.03,79,1.05,508,6.77
GABRIEL LANDESKOG,,L,33.5,COL,60,22.17,1,0.02,64,1.07,470,7.83
JUSTIN HRYCKOWIAN,,L,25.3,DAL,81,22.16,1,0.01,75,0.93,447,5.52
ELMER SODERBLOM,,L,24.9,PIT,59,22.16,2,0.03,88,1.49,333,5.64
DEVON TOEWS,,D,32.3,COL,68,22.16,4,0.06,51,0.75,284,4.18
VINCENT DESHARNAIS,,D,30.0,S.J,53,22.16,1,0.02,12,0.23,142,2.68
KYLE CONNOR,,L,29.5,WPG,82,22.16,1,0.01,161,1.96,688,8.39
TROY STECHER,,D,32.2,TOR,64,22.16,1,0.02,33,0.52,206,3.22
JAKE NEIGHBOURS,,L,24.2,STL,69,22.15,1,0.01,52,0.75,339,4.91
DYLAN HOLLOWAY,,L,24.7,STL,59,22.15,2,0.03,145,2.46,549,9.31
VICTOR HEDMAN,,D,35.5,T.B,33,22.15,1,0.03,14,0.42,124,3.76
ARTYOM LEVSHUNOV,,D,20.6,CHI,68,22.15,2,0.03,41,0.60,259,3.81
BRENT BURNS,,D,41.2,COL,82,22.15,1,0.01,29,0.35,199,2.43
DONOVAN SEBRANGO,,D,24.4,FLA,42,22.14,1,0.02,28,0.67,153,3.64
MIKAEL BACKLUND,,C,37.2,CGY,82,22.14,1,0.01,69,0.84,520,6.34
RYAN O'REILLY,,C,35.3,NSH,81,22.14,1,0.01,71,0.88,591,7.30
CAM YORK,,D,25.4,PHI,74,22.13,1,0.01,24,0.32,247,3.34
KRIS LETANG,,D,39.1,PIT,74,22.13,1,0.01,51,0.69,303,4.09
NICK COUSINS,,L,32.9,OTT,81,22.13,1,0.01,37,0.46,315,3.89
JACK DRURY,,C,26.3,COL,82,22.13,1,0.01,49,0.60,358,4.37
REILLY SMITH,,L,35.2,VGK,69,22.13,1,0.01,59,0.86,447,6.48
IVAN PROVOROV,,D,29.4,CBJ,82,22.13,2,0.02,54,0.66,374,4.56
THOMAS HARLEY,,D,24.8,DAL,70,22.12,1,0.01,49,0.70,332,4.74
JONATHAN DROUIN,,R,31.2,STL,64,22.12,1,0.02,93,1.45,369,5.77
NAZEM KADRI,,C,35.7,COL,77,22.12,1,0.01,43,0.56,415,5.39
VILLE KOIVUNEN,,L,23.0,PIT,39,22.12,1,0.03,12,0.31,147,3.77
CHARLE-EDOUARD D'ASTOUS,,D,28.1,T.B,70,22.11,1,0.01,19,0.27,258,3.69
JACOB BRYSON,,D,28.5,WPG,50,22.11,1,0.02,24,0.48,129,2.58
TREVOR ZEGRAS,,C,25.2,PHI,81,22.1,2,0.02,71,0.88,495,6.11
TREVOR VAN RIEMSDYK,,D,34.9,WSH,68,22.1,1,0.01,29,0.43,177,2.60
WILL SMITH,,R,21.2,S.J,69,22.1,1,0.01,94,1.36,406,5.88
KAILER YAMAMOTO,,L,27.7,UTA,59,22.1,2,0.03,67,1.14,322,5.46
MASON LOHREI,,D,25.4,BOS,73,22.1,1,0.01,25,0.34,213,2.92
AUSTON MATTHEWS,,C,28.7,TOR,60,22.1,1,0.02,64,1.07,456,7.60
DRAKE BATHERSON,,R,28.1,OTT,79,22.1,1,0.01,138,1.75,615,7.78
NIKO MIKKOLA,,D,30.1,FLA,68,22.09,1,0.01,66,0.97,399,5.87
BRADY TKACHUK,,L,26.7,OTT,60,22.09,1,0.02,49,0.82,235,3.92
SEAN WALKER,,D,31.6,CAR,81,22.09,1,0.01,105,1.30,417,5.15
SAM CARRICK,,C,34.3,BUF,73,22.08,1,0.01,36,0.49,275,3.77
FILIP HRONEK,,D,28.6,VAN,82,22.08,1,0.01,41,0.50,471,5.74
MASON APPLETON,,R,30.4,DET,65,22.08,1,0.02,92,1.42,378,5.82
JEAN-GABRIEL PAGEAU,,C,33.6,NYI,74,22.08,1,0.01,108,1.46,399,5.39
TAYLOR WARD,,R,28.2,L.A,36,22.08,1,0.03,32,0.89,166,4.61
JOSH MANSON,,D,34.7,COL,79,22.07,1,0.01,59,0.75,311,3.94
SAM STEEL,,L,28.3,DAL,73,22.07,1,0.01,76,1.04,500,6.85
BRENDAN GAUNCE,,C,32.2,CBJ,25,22.07,1,0.04,23,0.92,115,4.60
MATTY BENIERS,,C,23.6,SEA,82,22.07,2,0.02,128,1.56,711,8.67
EVAN RODRIGUES,,C,32.9,FLA,69,22.06,2,0.03,71,1.03,411,5.96
ZACH BENSON,,L,21.1,BUF,65,22.06,2,0.03,72,1.11,482,7.42
DAMON SEVERSON,,D,31.8,CBJ,71,22.06,1,0.01,36,0.51,255,3.59
JIMMY SNUGGERUD,,R,22.0,STL,70,22.06,3,0.04,70,1.00,404,5.77
NIC DOWD,,C,36.0,VGK,75,22.06,1,0.01,66,0.88,503,6.71
WYATT JOHNSTON,,C,23.1,DAL,82,22.05,2,0.02,85,1.04,646,7.88
PAVOL REGENDA,,L,26.5,S.J,24,22.05,1,0.04,30,1.25,142,5.92
DMITRI VORONKOV,,L,25.7,CBJ,63,22.05,1,0.02,43,0.68,267,4.24
MATT ROY,,D,31.3,WSH,79,22.05,1,0.01,45,0.57,215,2.72
YAN KUZNETSOV,,D,24.2,CGY,57,22.04,1,0.02,38,0.67,208,3.65
NIKITA GREBENKIN,,L,23.1,PHI,55,22.04,1,0.02,30,0.55,193,3.51
ZACH BOGOSIAN,,D,35.9,MIN,41,22.04,1,0.02,14,0.34,110,2.68
MACKENZIE WEEGAR,,D,32.4,UTA,79,22.04,1,0.01,36,0.46,369,4.67
JEFF SKINNER,,L,34.0,,32,22.04,1,0.03,16,0.50,132,4.13
ADAM PELECH,,D,31.8,NYI,82,22.03,1,0.01,41,0.50,277,3.38
DAVID TOMASEK,,C,30.3,,22,22.03,1,0.05,12,0.55,73,3.32
RODRIGO ABOLS,,C,30.4,PHI,42,22.03,1,0.02,33,0.79,187,4.45
DYLAN STROME,,C,29.2,WSH,80,22.02,1,0.01,27,0.34,380,4.75
MITCH MARNER,,R,29.1,VGK,81,22.01,1,0.01,50,0.62,415,5.12
SAM RINZEL,,D,21.9,CHI,54,22.01,1,0.02,25,0.46,228,4.22
JAMIE OLEKSIAK,,D,33.5,SEA,78,22.01,1,0.01,30,0.38,254,3.26
LIAM O'BRIEN,,L,31.8,UTA,38,22.01,1,0.03,31,0.82,195,5.13
ZACHARY BOLDUC,,L,23.3,MTL,78,22,0,0.00,134,1.72,552,7.08
PAVEL MINTYUKOV,,D,22.5,ANA,73,22,1,0.01,44,0.60,317,4.34
ADAM LOWRY,,C,33.2,WPG,70,22,1,0.01,91,1.30,504,7.20
FREDERICK GAUDREAU,,C,33.1,SEA,68,21.99,0,0.00,62,0.91,462,6.79
BRANDT CLARKE,,D,23.3,L.A,82,21.99,0,0.00,18,0.22,367,4.48
SETH JONES,,D,31.7,FLA,52,21.99,0,0.00,45,0.87,281,5.40
MATVEI GRIDIN,,L,20.3,CGY,37,21.98,0,0.00,30,0.81,220,5.95
A.J. GREER,,R,29.5,FLA,78,21.98,0,0.00,84,1.08,410,5.26
ALBERT JOHANSSON,,D,25.4,DET,82,21.97,0,0.00,33,0.40,223,2.72
FILIP FORSBERG,,L,31.8,NSH,82,21.97,0,0.00,43,0.52,441,5.38
EVAN BOUCHARD,,D,26.6,EDM,82,21.97,0,0.00,77,0.94,407,4.96
TOMAS HERTL,,C,32.6,VGK,82,21.96,0,0.00,60,0.73,348,4.24
RASMUS SANDIN,,D,26.2,WSH,73,21.96,0,0.00,61,0.84,304,4.16
YEGOR SHARANGOVICH,,L,28.0,CGY,78,21.96,0,0.00,64,0.82,473,6.06
CODY GLASS,,C,27.2,N.J,70,21.95,0,0.00,64,0.91,365,5.21
OLIVER BJORKSTRAND,,R,31.2,T.B,80,21.95,0,0.00,82,1.03,381,4.76
MATTHEW WOOD,,C,21.3,NSH,71,21.95,0,0.00,53,0.75,412,5.80
RADEK FAKSA,,C,32.4,DAL,58,21.95,0,0.00,46,0.79,285,4.91
LUKE KUNIN,,C,28.5,FLA,62,21.95,0,0.00,66,1.06,258,4.16
TYE KARTYE,,L,25.1,NYR,64,21.95,0,0.00,64,1.00,377,5.89
LOGAN MAILLOUX,,D,23.1,STL,67,21.94,0,0.00,51,0.76,336,5.01
SCOTT SABOURIN,,R,33.8,T.B,26,21.93,0,0.00,27,1.04,124,4.77
VLADIMIR TARASENKO,,R,34.5,MIN,75,21.93,0,0.00,45,0.60,299,3.99
BRETT KULAK,,D,32.4,COL,83,21.93,0,0.00,67,0.81,377,4.54
ALEXANDRE TEXIER,,L,26.7,MTL,51,21.92,0,0.00,30,0.59,209,4.10
SEAN MONAHAN,,C,31.6,CBJ,78,21.92,0,0.00,112,1.44,582,7.46
LOGAN STANKOVEN,,C,23.3,CAR,81,21.91,0,0.00,97,1.20,623,7.69
DMITRI SIMASHEV,,D,21.3,UTA,28,21.91,0,0.00,29,1.04,109,3.89
OSKAR BACK,,C,26.2,DAL,72,21.91,0,0.00,42,0.58,316,4.39
JANI NYMAN,,L,21.8,SEA,28,21.9,0,0.00,25,0.89,135,4.82
EELI TOLVANEN,,L,27.1,SEA,78,21.9,0,0.00,50,0.64,365,4.68
ALEX STEEVES,,L,26.5,BOS,43,21.9,0,0.00,18,0.42,143,3.33
JASON ZUCKER,,L,34.4,BUF,62,21.9,0,0.00,44,0.71,210,3.39
ARTTU HYRY,,C,25.2,DAL,20,21.89,0,0.00,32,1.60,119,5.95
ARTEMI PANARIN,,L,34.6,L.A,78,21.88,0,0.00,57,0.73,444,5.69
CAM FOWLER,,D,34.5,STL,82,21.88,0,0.00,43,0.52,411,5.01
TYLER TUCKER,,D,26.3,STL,69,21.88,0,0.00,26,0.38,202,2.93
DANIIL BUT,,R,21.3,UTA,29,21.87,0,0.00,55,1.90,215,7.41
TOMMY NOVAK,,C,29.1,PIT,82,21.87,0,0.00,89,1.09,503,6.13
BEN CHIAROT,,D,35.1,DET,82,21.87,0,0.00,35,0.43,266,3.24
CALLE JARNKROK,,R,34.7,TOR,56,21.86,0,0.00,48,0.86,254,4.54
JOSH MORRISSEY,,D,31.2,WPG,77,21.86,0,0.00,53,0.69,364,4.73
NOAH OSTLUND,,C,22.2,BUF,60,21.86,0,0.00,45,0.75,432,7.20
TYLER SEGUIN,,C,34.3,DAL,27,21.85,0,0.00,28,1.04,149,5.52
MASON MCTAVISH,,L,23.3,ANA,75,21.85,0,0.00,29,0.39,306,4.08
BRIAN DUMOULIN,,D,34.7,L.A,82,21.85,0,0.00,14,0.17,180,2.20
BEN JONES,,C,27.3,MIN,28,21.85,0,0.00,25,0.89,95,3.39
TYSON JOST,,R,28.2,NSH,69,21.85,0,0.00,92,1.33,445,6.45
JACCOB SLAVIN,,D,32.1,CAR,39,21.85,0,0.00,17,0.44,125,3.21
ADAM BOQVIST,,D,25.8,NYI,28,21.85,0,0.00,8,0.29,83,2.96
RASMUS ANDERSSON,,D,29.6,VGK,81,21.84,0,0.00,61,0.75,367,4.53
KAEDAN KORCZAK,,D,25.3,VGK,78,21.84,0,0.00,32,0.41,279,3.58
CLAUDE GIROUX,,R,38.4,OTT,82,21.84,0,0.00,74,0.90,448,5.46
ELIAS SALOMONSSON,,D,21.8,WPG,32,21.84,0,0.00,17,0.53,123,3.84
GABE PERREAULT,,L,21.1,NYR,49,21.84,0,0.00,42,0.86,265,5.41
JAMES VAN RIEMSDYK,,L,37.1,DET,72,21.83,0,0.00,36,0.50,165,2.29
JORDAN GREENWAY,,L,29.3,BUF,40,21.83,0,0.00,29,0.73,140,3.50
YANNI GOURDE,,C,34.5,T.B,82,21.83,0,0.00,96,1.17,563,6.87
MATHIEU OLIVIER,,R,29.3,CBJ,61,21.81,0,0.00,54,0.89,329,5.39
ADAM LARSSON,,D,33.6,SEA,82,21.81,0,0.00,29,0.35,281,3.43
ARBER XHEKAJ,,D,25.3,MTL,65,21.81,0,0.00,16,0.25,113,1.74
BEN HUTTON,,D,33.1,VGK,55,21.8,0,0.00,8,0.15,109,1.98
SAM LAFFERTY,,C,31.2,CHI,29,21.8,0,0.00,26,0.90,132,4.55
JAYDEN STRUBLE,,D,24.7,MTL,59,21.79,0,0.00,18,0.31,89,1.51
EMIL LILLEBERG,,D,25.3,T.B,50,21.79,0,0.00,32,0.64,183,3.66
JACKSON BLAKE,,R,22.8,CAR,81,21.78,0,0.00,67,0.83,476,5.88
ADAM ERNE,,L,31.1,DAL,45,21.77,0,0.00,41,0.91,245,5.44
DAWSON MERCER,,R,24.6,N.J,82,21.76,0,0.00,90,1.10,520,6.34
JOSH SAMANSKI,,C,24.2,EDM,24,21.75,0,0.00,27,1.13,139,5.79
JAKE MIDDLETON,,D,30.4,MIN,75,21.75,0,0.00,38,0.51,219,2.92
DECLAN CARLILE,,D,26.0,T.B,42,21.74,0,0.00,20,0.48,141,3.36
BRANDON CARLO,,D,29.5,TOR,55,21.74,0,0.00,15,0.27,131,2.38
GABRIEL VILARDI,,R,26.8,WPG,82,21.73,0,0.00,27,0.33,319,3.89
MARCO ROSSI,,C,24.7,VAN,50,21.73,0,0.00,26,0.52,236,4.72
SHAYNE GOSTISBEHERE,,D,33.1,CAR,55,21.73,0,0.00,12,0.22,145,2.64
CODY CECI,,D,32.5,L.A,82,21.73,0,0.00,42,0.51,244,2.98
ANTON LUNDELL,,C,24.7,FLA,64,21.72,0,0.00,62,0.97,427,6.67
MORITZ SEIDER,,D,25.2,DET,82,21.72,0,0.00,43,0.52,325,3.96
MAX CROZIER,,D,26.1,T.B,35,21.71,0,0.00,26,0.74,103,2.94
AARON EKBLAD,,D,30.3,FLA,72,21.7,0,0.00,22,0.31,244,3.39
ARTTURI LEHKONEN,,L,30.9,COL,70,21.7,0,0.00,57,0.81,393,5.61
DYLAN SAMBERG,,D,27.4,WPG,66,21.7,0,0.00,27,0.41,256,3.88
JORDAN EBERLE,,R,36.1,SEA,80,21.7,0,0.00,65,0.81,543,6.79
TANNER PEARSON,,L,33.8,BUF,56,21.7,0,0.00,57,1.02,295,5.27
SEAN COUTURIER,,C,33.5,PHI,78,21.69,0,0.00,58,0.74,390,5.00
ALEXANDRE CARRIER,,D,29.7,MTL,73,21.69,0,0.00,27,0.37,203,2.78
PARKER WOTHERSPOON,,D,28.8,PIT,80,21.69,0,0.00,23,0.29,261,3.26
NINO NIEDERREITER,,L,33.7,WPG,61,21.68,0,0.00,29,0.48,328,5.38
IAN COLE,,D,37.3,UTA,82,21.68,0,0.00,17,0.21,182,2.22
JADEN SCHWARTZ,,R,33.9,SEA,50,21.68,0,0.00,42,0.84,272,5.44
MICHAEL KESSELRING,,D,26.4,S.J,34,21.67,0,0.00,26,0.76,134,3.94
EASTON COWAN,,L,21.0,TOR,66,21.67,0,0.00,112,1.70,441,6.68
TYLER KLEVEN,,D,24.4,OTT,70,21.67,0,0.00,27,0.39,174,2.49
KEVIN BAHL,,D,25.9,CGY,76,21.67,0,0.00,38,0.50,267,3.51
VINCE DUNN,,D,29.6,SEA,81,21.65,0,0.00,31,0.38,269,3.32
PIERRE-LUC DUBOIS,,C,27.9,WSH,29,21.65,0,0.00,44,1.52,201,6.93
ZAYNE PAREKH,,D,20.3,CGY,37,21.65,0,0.00,23,0.62,178,4.81
NICK BJUGSTAD,,R,33.9,N.J,61,21.65,0,0.00,70,1.15,359,5.89
ALEX OVECHKIN,,L,40.7,WSH,82,21.64,0,0.00,12,0.15,126,1.54
PHILLIP DANAULT,,C,33.3,MTL,75,21.64,0,0.00,55,0.73,337,4.49
JONATHAN TOEWS,,C,38.1,WPG,82,21.64,0,0.00,45,0.55,357,4.35
SHAKIR MUKHAMADULLIN,,D,24.4,S.J,50,21.64,0,0.00,33,0.66,164,3.28
JOEL ARMIA,,L,33.0,L.A,67,21.64,0,0.00,49,0.73,381,5.69
OSKAR SUNDQVIST,,C,32.2,STL,52,21.63,0,0.00,25,0.48,160,3.08
ADAM HENRIQUE,,C,36.3,EDM,65,21.62,0,0.00,28,0.43,259,3.98
MARTIN POSPISIL,,R,26.5,CGY,22,21.62,0,0.00,30,1.36,100,4.55
ROSS JOHNSTON,,L,32.3,ANA,62,21.61,0,0.00,37,0.60,241,3.89
KEVIN FIALA,,L,29.9,L.A,56,21.61,0,0.00,52,0.93,350,6.25
ALEXANDER HOLTZ,,R,24.4,VGK,28,21.6,0,0.00,26,0.93,165,5.89
JESPERI KOTKANIEMI,,C,25.9,CAR,42,21.6,0,0.00,24,0.57,159,3.79
NICK DESIMONE,,D,31.5,UTA,40,21.6,0,0.00,12,0.30,110,2.75
ALEC REGULA,,D,25.8,EDM,29,21.6,0,0.00,3,0.10,65,2.24
RYAN LINDGREN,,D,28.3,SEA,76,21.59,0,0.00,26,0.34,203,2.67
RYAN SHEA,,D,29.3,PIT,80,21.59,0,0.00,27,0.34,241,3.01
ZACHARY L'HEUREUX,,L,23.1,NSH,25,21.59,0,0.00,23,0.92,127,5.08
OZZY WIESBLATT,,R,24.2,NSH,40,21.59,0,0.00,27,0.68,174,4.35
DALIBOR DVORSKY,,C,21.0,STL,71,21.58,0,0.00,15,0.21,317,4.46
DREW DOUGHTY,,D,36.5,L.A,72,21.58,0,0.00,36,0.50,266,3.69
JUSTIN BARRON,,D,24.5,NSH,52,21.58,0,0.00,44,0.85,229,4.40
KAAPO KAKKO,,R,25.3,SEA,65,21.58,0,0.00,20,0.31,196,3.02
MAX SHABANOV,,L,25.7,NYI,44,21.57,0,0.00,53,1.20,315,7.16
BROCK BOESER,,R,29.3,VAN,75,21.57,0,0.00,28,0.37,276,3.68
MATT DUCHENE,,C,35.4,DAL,57,21.56,0,0.00,67,1.18,352,6.18
KEVIN STENLUND,,C,29.7,UTA,80,21.56,0,0.00,26,0.33,273,3.41
JOEL EDMUNDSON,,D,32.9,L.A,82,21.55,0,0.00,25,0.30,155,1.89
RYAN REAVES,,R,39.4,S.J,50,21.55,0,0.00,22,0.44,120,2.40
JACK MCBAIN,,L,26.4,UTA,75,21.55,0,0.00,70,0.93,462,6.16
TEUVO TERAVAINEN,,L,31.7,CHI,75,21.55,0,0.00,16,0.21,182,2.43
MATT GRZELCYK,,D,32.4,CHI,69,21.55,0,0.00,23,0.33,197,2.86
RADKO GUDAS,,D,36.0,ANA,56,21.55,0,0.00,12,0.21,112,2.00
ROBBY FABBRI,,L,30.4,MIN,21,21.55,0,0.00,13,0.62,96,4.57
NATE SCHMIDT,,D,34.9,UTA,82,21.55,0,0.00,37,0.45,226,2.76
STEFAN NOESEN,,L,33.3,N.J,38,21.54,0,0.00,8,0.21,142,3.74
PAVEL BUCHNEVICH,,L,31.1,STL,81,21.54,0,0.00,63,0.78,543,6.70
COLE PERFETTI,,L,24.4,WPG,68,21.54,0,0.00,26,0.38,324,4.76
MARCUS FOLIGNO,,L,34.8,MIN,56,21.52,0,0.00,39,0.70,203,3.63
JORDAN SPENCE,,D,25.3,OTT,73,21.52,0,0.00,47,0.64,362,4.96
MATTHEW KESSEL,,D,25.9,STL,29,21.52,0,0.00,17,0.59,85,2.93
MASON MARCHMENT,,L,31.0,CBJ,68,21.51,0,0.00,26,0.38,224,3.29
JARED MCCANN,,L,30.0,SEA,52,21.51,0,0.00,32,0.62,245,4.71
EVGENI MALKIN,,R,39.8,PIT,56,21.51,0,0.00,37,0.66,375,6.70
DAVID PASTRNAK,,R,30.0,BOS,77,21.51,0,0.00,67,0.87,350,4.55
AXEL SANDIN-PELLIKKA,,D,21.2,DET,68,21.51,0,0.00,28,0.41,213,3.13
DECLAN CHISHOLM,,D,26.4,WSH,26,21.5,0,0.00,10,0.38,94,3.62
MATVEI MICHKOV,,R,21.5,PHI,81,21.49,0,0.00,79,0.98,413,5.10
JUSTIN BRAZEAU,,R,28.3,PIT,64,21.47,0,0.00,37,0.58,238,3.72
SAMUEL GIRARD,,D,28.1,PIT,60,21.45,0,0.00,38,0.63,245,4.08
TYLER TOFFOLI,,R,34.1,S.J,79,21.44,0,0.00,36,0.46,228,2.89
JUSTIN KIRKLAND,,C,29.8,CGY,20,21.44,0,0.00,11,0.55,90,4.50
BRAEDEN BOWMAN,,R,22.9,VGK,54,21.43,0,0.00,27,0.50,205,3.80
NILS HOGLANDER,,R,25.5,VAN,38,21.43,0,0.00,36,0.95,165,4.34
RASMUS RISTOLAINEN,,D,31.6,PHI,44,21.42,0,0.00,17,0.39,143,3.25
JACOB TROUBA,,D,32.3,ANA,81,21.4,0,0.00,18,0.22,144,1.78
DAEMON HUNT,,D,24.1,MIN,32,21.4,0,0.00,15,0.47,99,3.09
NICK BLANKENBURG,,D,28.1,COL,61,21.4,0,0.00,27,0.44,214,3.51
DANTON HEINEN,,R,30.9,CBJ,46,21.39,0,0.00,36,0.78,259,5.63
OLIVER EKMAN-LARSSON,,D,34.9,TOR,78,21.39,0,0.00,24,0.31,280,3.59
JOSHUA MAHURA,,D,28.1,SEA,23,21.39,0,0.00,15,0.65,64,2.78
ROMAN JOSI,,D,36.0,NSH,68,21.38,0,0.00,56,0.82,360,5.29
SIMON NEMEC,,D,22.3,N.J,68,21.37,0,0.00,18,0.26,226,3.32
MARIO FERRARO,,D,27.7,S.J,82,21.37,0,0.00,33,0.40,282,3.44
CURTIS DOUGLAS,,L,26.2,VAN,43,21.35,0,0.00,5,0.12,74,1.72
EMIL ANDRAE,,D,24.3,TOR,61,21.35,0,0.00,19,0.31,203,3.33
RYAN GRAVES,,D,31.0,PIT,22,21.34,0,0.00,7,0.32,44,2.00
HENRI JOKIHARJU,,D,27.0,BOS,41,21.34,0,0.00,16,0.39,96,2.34
AATU RATY,,R,23.6,VAN,66,21.33,0,0.00,20,0.30,230,3.48
MAXIM TSYPLAKOV,,R,27.7,N.J,49,21.33,0,0.00,17,0.35,170,3.47
ALEXANDER PETROVIC,,D,34.3,DAL,54,21.33,0,0.00,12,0.22,109,2.02
ZACH WHITECLOUD,,D,29.5,CGY,78,21.33,0,0.00,35,0.45,253,3.24
ANZE KOPITAR,,C,38.8,L.A,67,21.33,0,0.00,57,0.85,564,8.42
JOEL NYSTROM,,D,24.1,CAR,38,21.33,0,0.00,14,0.37,99,2.61
COLE SCHWINDT,,C,25.1,FLA,29,21.33,0,0.00,23,0.79,145,5.00
DMITRY ORLOV,,D,34.9,S.J,82,21.32,0,0.00,16,0.20,186,2.27
JONAS BRODIN,,D,32.9,MIN,62,21.32,0,0.00,22,0.35,190,3.06
RYAN STROME,,C,32.9,CGY,52,21.32,0,0.00,23,0.44,228,4.38
TYSON FOERSTER,,L,24.4,PHI,29,21.31,0,0.00,16,0.55,118,4.07
NICK FOLIGNO,,L,38.6,MIN,54,21.3,0,0.00,15,0.28,134,2.48
VICTOR MANCINI,,D,24.0,VAN,24,21.3,0,0.00,11,0.46,62,2.58
LIAN BICHSEL,,D,22.0,DAL,50,21.28,0,0.00,14,0.28,132,2.64
SAMUEL HELENIUS,,C,23.5,L.A,53,21.28,0,0.00,33,0.62,176,3.32
DOUGIE HAMILTON,,D,33.0,N.J,77,21.27,0,0.00,8,0.10,193,2.51
DANTE FABBRO,,D,28.0,CBJ,74,21.26,0,0.00,11,0.15,151,2.04
LOGAN STANLEY,,D,28.0,BUF,76,21.26,0,0.00,8,0.11,190,2.50
DAKOTA JOSHUA,,L,30.1,TOR,55,21.23,0,0.00,23,0.42,249,4.53
DREW HELLESON,,D,25.2,ANA,60,21.21,0,0.00,17,0.28,186,3.10
JONAS SIEGENTHALER,,D,29.1,N.J,82,21.21,0,0.00,28,0.34,311,3.79
JACK FINLEY,,C,23.8,STL,44,21.2,0,0.00,31,0.70,229,5.20
ESA LINDELL,,D,32.0,DAL,82,21.18,0,0.00,10,0.12,110,1.34
JAMIE BENN,,R,36.9,DAL,60,21.17,0,0.00,13,0.22,211,3.52
CARSON SOUCY,,D,31.9,NYI,76,21.15,0,0.00,9,0.12,224,2.95
CALE FLEURY,,D,27.5,SEA,23,21.15,0,0.00,10,0.43,73,3.17
NOEL ACCIARI,,R,34.5,PIT,67,21.15,0,0.00,22,0.33,234,3.49
DARREN RADDYSH,,D,30.3,TOR,73,21.15,0,0.00,46,0.63,283,3.88
BRAYDEN PACHAL,,D,26.8,CGY,39,21.14,0,0.00,14,0.36,79,2.03
EGOR ZAMULA,,D,26.2,CBJ,33,21.12,0,0.00,1,0.03,25,0.76
JONATHAN HUBERDEAU,,L,33.0,CGY,50,21.12,0,0.00,18,0.36,156,3.12
MATS ZUCCARELLO,,R,38.8,MIN,59,21.11,0,0.00,27,0.46,162,2.75
TYLER BERTUZZI,,R,31.3,CHI,79,21.11,0,0.00,11,0.14,233,2.95
MIKEY ANDERSON,,D,27.0,L.A,80,21.1,0,0.00,5,0.06,150,1.88
PIUS SUTER,,C,30.0,STL,64,21.09,0,0.00,9,0.14,199,3.11
ADAM FOX,,D,28.3,NYR,55,21.08,0,0.00,15,0.27,144,2.62
JONATHAN MARCHESSAULT,,R,35.4,NSH,62,21.08,0,0.00,20,0.32,235,3.79
ZACH METSA,,D,27.6,BUF,43,21.08,0,0.00,9,0.21,100,2.33
MIKE REILLY,,D,32.9,CAR,42,21.07,0,0.00,17,0.40,145,3.45
JOSH DUNNE,,R,27.5,BUF,34,21.06,0,0.00,13,0.38,104,3.06
JUUSO PARSSINEN,,C,25.3,NYR,20,21.06,0,0.00,7,0.35,73,3.65
NICOLAS DESLAURIERS,,L,35.3,CAR,31,21.06,0,0.00,6,0.19,89,2.87
NATHAN BASTIAN,,R,28.5,DAL,36,21.06,0,0.00,15,0.42,107,2.97
RYAN MCDONAGH,,D,37.0,T.B,48,21.05,0,0.00,17,0.35,106,2.21
LENNI HAMEENAHO,,L,21.6,N.J,33,21.03,0,0.00,16,0.48,127,3.85
ANDREI KUZMENKO,,R,30.3,L.A,52,21.03,0,0.00,10,0.19,144,2.77
CONOR TIMMINS,,D,27.7,BUF,39,21.01,0,0.00,11,0.28,100,2.56
ELIAS LINDHOLM,,C,31.5,BOS,69,21.01,0,0.00,27,0.39,345,5.00
NEAL PIONK,,D,30.8,WPG,51,21,0,0.00,14,0.27,137,2.69
NICOLAS ROY,,R,29.3,COL,74,20.97,0,0.00,30,0.41,363,4.91
LUKE SCHENN,,D,36.6,BUF,50,20.97,0,0.00,3,0.06,68,1.36
TOMAS NOSEK,,C,33.8,FLA,21,20.95,0,0.00,9,0.43,56,2.67
ARTEM ZUB,,D,30.7,OTT,81,20.95,0,0.00,9,0.11,136,1.68
KYLE CAPOBIANCO,,D,28.8,DAL,33,20.94,0,0.00,14,0.42,96,2.91
BRETT PESCE,,D,31.6,N.J,37,20.92,0,0.00,8,0.22,69,1.86
ANDREW PEEKE,,D,28.2,BOS,77,20.91,0,0.00,16,0.21,175,2.27
JAKE CHRISTIANSEN,,D,26.7,CBJ,40,20.86,0,0.00,5,0.13,82,2.05
ILYA LYUBUSHKIN,,D,32.2,DAL,53,20.85,0,0.00,5,0.09,117,2.21
COLTON WHITE,,D,29.1,N.J,23,20.82,0,0.00,2,0.09,57,2.48
COREY PERRY,,R,41.1,T.B,72,20.81,0,0.00,3,0.04,153,2.13
JOEL HANLEY,,D,35.0,CGY,68,20.81,0,0.00,14,0.21,200,2.94
JOHN KLINGBERG,,D,33.8,S.J,56,20.8,0,0.00,9,0.16,193,3.45
URHO VAAKANAINEN,,D,27.4,NYR,34,20.79,0,0.00,10,0.29,67,1.97
CONNOR ZARY,,L,24.7,CGY,74,20.79,0,0.00,11,0.15,388,5.24
MARCUS PETTERSSON,,D,30.1,VAN,82,20.78,0,0.00,8,0.10,164,2.00
OTTO STENBERG,,L,21.0,STL,32,20.78,0,0.00,8,0.25,116,3.63
JACOB BERNARD-DOCKER,,D,25.9,DET,63,20.75,0,0.00,9,0.14,118,1.87
HUNTER BRZUSTEWICZ,,D,21.5,CGY,34,20.71,0,0.00,7,0.21,91,2.68
JACK ST. IVANY,,D,26.9,PIT,20,20.68,0,0.00,4,0.20,52,2.60
JOHNATHAN KOVACEVIC,,D,28.9,N.J,34,20.62,0,0.00,3,0.09,46,1.35
KEVIN HAYES,,C,34.1,PIT,28,20.61,0,0.00,13,0.46,111,3.96
SCOTT MORROW,,D,23.6,NYR,29,20.61,0,0.00,6,0.21,80,2.76
NICK PERBIX,,D,28.0,NSH,79,20.6,0,0.00,19,0.24,197,2.49
CONNOR MURPHY,,D,33.2,EDM,80,20.5,0,0.00,2,0.03,112,1.40
DYLAN DEMELO,,D,33.1,WPG,82,20.47,0,0.00,8,0.10,165,2.01
ILYA SOLOVYOV,,D,25.9,PIT,30,20.47,0,0.00,7,0.23,56,1.87
BRAYDEN MCNABB,,D,35.4,VGK,63,20.46,0,0.00,1,0.02,72,1.14
NOAH JUULSEN,,D,29.2,PHI,52,20.43,0,0.00,5,0.10,113,2.17
TRAVIS HAMONIC,,D,35.8,DET,26,20.36,0,0.00,3,0.12,50,1.92
SAMMY BLAIS,,L,30.0,MTL,21,20.35,0,0.00,4,0.19,58,2.76
MATTHEW TKACHUK,,R,28.5,FLA,31,20.34,0,0.00,2,0.06,66,2.13
VINCENT IORIO,,D,23.6,NYR,27,20.2,0,0.00,2,0.07,62,2.30
DAVID JIRICEK,,D,22.5,PHI,26,20.01,0,0.00,1,0.04,36,1.38
