Name,Compare,Pos,Age,Team,GP,Top Speed,Average Speed,100+ MPH,100+ MPH/G,90-100 MPH,90-100 MPH/G,80-90 MPH,80-90 MPH/G,70-80 MPH,70-80 MPH/G
TYLER KLEVEN,,D,24.4,OTT,70,103.51,74.52,1,0.01,26,0.37,32,0.46,80,1.14
MORGAN GEEKIE,,R,27.9,BOS,81,103.03,61.68,2,0.02,25,0.31,69,0.85,51,0.63
RYAN PULOCK,,D,31.7,NYI,76,103.01,71.98,4,0.05,38,0.50,22,0.29,59,0.78
LOUIS CREVIER,,D,25.1,CHI,78,102.83,75.16,6,0.08,37,0.47,51,0.65,79,1.01
J.T. MILLER,,C,33.2,NYR,68,102.58,53.36,1,0.01,10,0.15,30,0.44,37,0.54
JAKE WALMAN,,D,30.3,EDM,53,101.97,71.94,1,0.02,28,0.53,35,0.66,55,1.04
BRANDON MONTOUR,,D,32.1,SEA,64,101.56,71,2,0.03,37,0.58,69,1.08,84,1.31
VICTOR HEDMAN,,D,35.5,T.B,33,101.42,74.13,1,0.03,21,0.64,28,0.85,33,1.00
CONOR TIMMINS,,D,27.7,BUF,39,101.12,70.36,1,0.03,3,0.08,14,0.36,46,1.18
MIKE MATHESON,,D,32.3,MTL,78,100.56,68.03,1,0.01,9,0.12,44,0.56,74,0.95
GUSTAV FORSLING,,D,30.0,FLA,80,100.41,69.65,1,0.01,19,0.24,54,0.68,69,0.86
RASMUS ANDERSSON,,D,29.6,VGK,81,100.26,67.81,1,0.01,20,0.25,91,1.12,82,1.01
YAN KUZNETSOV,,D,24.2,CGY,57,100.17,71.4,1,0.02,9,0.16,29,0.51,43,0.75
DARREN RADDYSH,,D,30.3,TOR,73,100.13,75.37,1,0.01,96,1.32,101,1.38,107,1.47
CUTTER GAUTHIER,,R,22.4,ANA,76,99.9,63.93,0,0.00,2,0.03,106,1.39,129,1.70
JOHN CARLSON,,D,36.4,ANA,71,99.77,66.83,0,0.00,34,0.48,43,0.61,65,0.92
JAKE SANDERSON,,D,23.9,OTT,67,99.72,72.28,0,0.00,24,0.36,106,1.58,124,1.85
NIKITA ZADOROV,,D,31.1,BOS,81,99.67,68.81,0,0.00,8,0.10,42,0.52,87,1.07
ALEXANDER NIKISHIN,,D,24.7,CAR,81,99.4,74.18,0,0.00,39,0.48,69,0.85,121,1.49
PHILIPPE MYERS,,D,29.4,TOR,39,99.3,74.64,0,0.00,11,0.28,27,0.69,38,0.97
JACCOB SLAVIN,,D,32.1,CAR,39,99.18,68.83,0,0.00,7,0.18,12,0.31,37,0.95
JOEL EDMUNDSON,,D,32.9,L.A,82,99.09,74.15,0,0.00,36,0.44,52,0.63,82,1.00
JAKOB CHYCHRUN,,D,28.2,WSH,80,99.06,68.09,0,0.00,23,0.29,104,1.30,160,2.00
EGOR CHINAKHOV,,L,25.3,PIT,72,99.03,65.49,0,0.00,12,0.17,77,1.07,74,1.03
MIKHAIL SERGACHEV,,D,27.9,UTA,78,99,71.24,0,0.00,34,0.44,61,0.78,128,1.64
ARBER XHEKAJ,,D,25.3,MTL,65,98.97,72.28,0,0.00,10,0.15,21,0.32,45,0.69
MORITZ SEIDER,,D,25.2,DET,82,98.93,72.7,0,0.00,17,0.21,93,1.13,173,2.11
NATE SCHMIDT,,D,34.9,UTA,82,98.85,69.01,0,0.00,10,0.12,48,0.59,66,0.80
RADKO GUDAS,,D,36.0,ANA,56,98.83,73.37,0,0.00,17,0.30,45,0.80,39,0.70
ERIK GUDBRANSON,,D,34.4,CBJ,37,98.6,72.02,0,0.00,4,0.11,19,0.51,26,0.70
JAMIE DRYSDALE,,D,24.2,PHI,78,98.46,68.19,0,0.00,3,0.04,41,0.53,95,1.22
MATTIAS EKHOLM,,D,36.0,EDM,82,98.4,67.04,0,0.00,18,0.22,65,0.79,63,0.77
ADAM LARSSON,,D,33.6,SEA,82,98.39,71.42,0,0.00,13,0.16,44,0.54,67,0.82
CALE MAKAR,,D,27.6,COL,75,98.21,70.93,0,0.00,16,0.21,91,1.21,257,3.43
ELIAS PETTERSSON,,D,22.3,VAN,70,98.17,70.6,0,0.00,5,0.07,26,0.37,44,0.63
MATTIAS SAMUELSSON,,D,26.2,BUF,78,98.09,70.61,0,0.00,6,0.08,49,0.63,115,1.47
EVAN BOUCHARD,,D,26.6,EDM,82,98.08,74.27,0,0.00,51,0.62,127,1.55,148,1.80
AXEL SANDIN-PELLIKKA,,D,21.2,DET,68,97.98,70.6,0,0.00,6,0.09,35,0.51,77,1.13
TAGE THOMPSON,,C,28.6,BUF,81,97.94,65.32,0,0.00,44,0.54,121,1.49,115,1.42
MACKLIN CELEBRINI,,C,20.0,S.J,82,97.89,62.26,0,0.00,6,0.07,81,0.99,150,1.83
ALEX OVECHKIN,,L,40.7,WSH,82,97.3,61.84,0,0.00,35,0.43,82,1.00,109,1.33
EMIL HEINEMAN,,R,24.5,NYI,82,97.28,59.97,0,0.00,5,0.06,53,0.65,70,0.85
MARK STONE,,R,34.1,VGK,60,97.27,43.07,0,0.00,5,0.08,14,0.23,14,0.23
LUKE HUGHES,,D,22.7,N.J,68,97.21,66.37,0,0.00,5,0.07,32,0.47,130,1.91
UVIS BALINSKIS,,D,29.8,FLA,54,97.18,66.35,0,0.00,3,0.06,8,0.15,50,0.93
ILYA SOLOVYOV,,D,25.9,PIT,30,97.18,68.78,0,0.00,5,0.17,7,0.23,27,0.90
JONATHAN ASPIROT,,D,27.1,BOS,61,97.15,71,0,0.00,11,0.18,18,0.30,45,0.74
LOGAN STANLEY,,D,28.0,BUF,76,97.13,72.65,0,0.00,28,0.37,63,0.83,75,0.99
IVAN PROVOROV,,D,29.4,CBJ,82,97.11,66.23,0,0.00,3,0.04,39,0.48,115,1.40
DAMON SEVERSON,,D,31.8,CBJ,71,96.87,67.57,0,0.00,11,0.15,44,0.62,58,0.82
SAM MALINSKI,,D,27.9,COL,82,96.79,71.29,0,0.00,7,0.09,94,1.15,150,1.83
ROMAN JOSI,,D,36.0,NSH,68,96.74,65.66,0,0.00,24,0.35,61,0.90,73,1.07
MATT GRZELCYK,,D,32.4,CHI,69,96.7,69.85,0,0.00,3,0.04,16,0.23,76,1.10
ERIK KARLSSON,,D,36.0,PIT,75,96.64,70.35,0,0.00,40,0.53,70,0.93,151,2.01
DREW DOUGHTY,,D,36.5,L.A,72,96.55,70.51,0,0.00,3,0.04,61,0.85,76,1.06
DOUGIE HAMILTON,,D,33.0,N.J,77,96.55,69.2,0,0.00,18,0.23,93,1.21,119,1.55
HAYDN FLEURY,,D,29.9,WPG,38,96.5,69.99,0,0.00,6,0.16,12,0.32,22,0.58
JACOB TROUBA,,D,32.3,ANA,81,96.47,69.24,0,0.00,12,0.15,66,0.81,91,1.12
BROCK BOESER,,R,29.3,VAN,75,96.4,57.68,0,0.00,7,0.09,25,0.33,75,1.00
MIKA ZIBANEJAD,,C,33.1,NYR,81,96.39,57.82,0,0.00,14,0.17,50,0.62,64,0.79
ADAM PELECH,,D,31.8,NYI,82,96.33,65.98,0,0.00,3,0.04,35,0.43,97,1.18
RASMUS DAHLIN,,D,26.1,BUF,77,96.17,68.85,0,0.00,28,0.36,77,1.00,133,1.73
JUSTIN FAULK,,D,34.2,DET,78,96.15,68.24,0,0.00,11,0.14,55,0.71,95,1.22
JEFF PETRY,,D,38.5,MIN,67,96.15,70.73,0,0.00,17,0.25,23,0.34,57,0.85
YEGOR SHARANGOVICH,,L,28.0,CGY,78,96.14,56.61,0,0.00,1,0.01,25,0.32,64,0.82
ANDREI SVECHNIKOV,,L,26.2,CAR,79,96.06,58.49,0,0.00,2,0.03,49,0.62,96,1.22
MATT ROY,,D,31.3,WSH,79,95.97,65.72,0,0.00,6,0.08,23,0.29,55,0.70
ANTHONY MANTHA,,R,31.7,PIT,81,95.95,55.59,0,0.00,7,0.09,24,0.30,53,0.65
CHARLE-EDOUARD D'ASTOUS,,D,28.1,T.B,70,95.95,69.29,0,0.00,7,0.10,46,0.66,58,0.83
KIEFER SHERWOOD,,R,31.2,S.J,72,95.79,58.94,0,0.00,7,0.10,53,0.74,61,0.85
MORGAN BARRON,,C,27.5,WPG,65,95.62,55.66,0,0.00,3,0.05,27,0.42,24,0.37
FILIP HRONEK,,D,28.6,VAN,82,95.6,70.39,0,0.00,18,0.22,54,0.66,108,1.32
MARIO FERRARO,,D,27.7,S.J,82,95.59,63.94,0,0.00,4,0.05,25,0.30,34,0.41
JIMMY SNUGGERUD,,R,22.0,STL,70,95.56,59.96,0,0.00,2,0.03,43,0.61,87,1.24
NILS LUNDKVIST,,D,25.9,DAL,52,95.53,70.69,0,0.00,5,0.10,20,0.38,44,0.85
KEVIN BAHL,,D,25.9,CGY,76,95.48,69.49,0,0.00,6,0.08,31,0.41,29,0.38
BECKETT SENNECKE,,R,20.3,ANA,82,95.45,52.63,0,0.00,6,0.07,38,0.46,69,0.84
JOSH MANSON,,D,34.7,COL,79,95.44,67.07,0,0.00,11,0.14,37,0.47,64,0.81
JACKSON LACOMBE,,D,25.4,ANA,82,95.38,64.34,0,0.00,5,0.06,58,0.71,98,1.20
ALEX VLASIC,,D,25.0,CHI,81,95.38,71.56,0,0.00,4,0.05,41,0.51,87,1.07
SEAN WALKER,,D,31.6,CAR,81,95.36,66.82,0,0.00,1,0.01,46,0.57,155,1.91
ZACH WERENSKI,,D,28.9,CBJ,75,95.33,67.9,0,0.00,12,0.16,108,1.44,192,2.56
ADRIAN KEMPE,,R,29.7,L.A,81,95.3,63.29,0,0.00,7,0.09,111,1.37,124,1.53
MATTHEW KESSEL,,D,25.9,STL,29,95.16,68.55,0,0.00,2,0.07,10,0.34,13,0.45
COLTON PARAYKO,,D,33.1,STL,77,95.1,71.47,0,0.00,16,0.21,77,1.00,42,0.55
NICOLAS HAGUE,,D,27.5,NSH,62,95.07,70.36,0,0.00,9,0.15,35,0.56,42,0.68
CODY CECI,,D,32.5,L.A,82,95.05,69.3,0,0.00,9,0.11,42,0.51,29,0.35
QUINN HUGHES,,D,26.6,MIN,74,95.04,67.99,0,0.00,6,0.08,57,0.77,157,2.12
STEVEN STAMKOS,,L,36.3,NSH,82,95,56.65,0,0.00,9,0.11,51,0.62,66,0.80
BRENT BURNS,,D,41.2,COL,82,94.98,71.97,0,0.00,8,0.10,91,1.11,179,2.18
JAMIE OLEKSIAK,,D,33.5,SEA,78,94.97,66.37,0,0.00,8,0.10,21,0.27,52,0.67
LOGAN MAILLOUX,,D,23.1,STL,67,94.92,70.1,0,0.00,3,0.04,40,0.60,80,1.19
DAVID JIRICEK,,D,22.5,PHI,26,94.87,72.28,0,0.00,1,0.04,9,0.35,16,0.62
TRAVIS SANHEIM,,D,30.2,PHI,81,94.84,67.63,0,0.00,2,0.02,42,0.52,91,1.12
NICHOLAS ROBERTSON,,R,24.7,TOR,78,94.77,57.11,0,0.00,6,0.08,19,0.24,46,0.59
ARTEM ZUB,,D,30.7,OTT,81,94.74,69.15,0,0.00,4,0.05,37,0.46,63,0.78
CALE FLEURY,,D,27.5,SEA,23,94.73,70.09,0,0.00,3,0.13,6,0.26,22,0.96
VIKTOR ARVIDSSON,,R,33.2,BOS,69,94.63,52.42,0,0.00,4,0.06,24,0.35,54,0.78
JALEN CHATFIELD,,D,30.1,CAR,72,94.62,67.19,0,0.00,3,0.04,23,0.32,100,1.39
JACK EICHEL,,C,29.6,VGK,74,94.62,61.45,0,0.00,10,0.14,86,1.16,123,1.66
MICHAEL KESSELRING,,D,26.4,S.J,34,94.57,68.92,0,0.00,6,0.18,15,0.44,35,1.03
TYLER TUCKER,,D,26.3,STL,69,94.51,68.36,0,0.00,2,0.03,19,0.28,67,0.97
CALLE JARNKROK,,R,34.7,TOR,56,94.51,56.57,0,0.00,1,0.02,2,0.04,14,0.25
DARNELL NURSE,,D,31.3,EDM,82,94.47,66.57,0,0.00,6,0.07,42,0.51,112,1.37
BRAYDEN MCNABB,,D,35.4,VGK,63,94.45,64.9,0,0.00,5,0.08,25,0.40,43,0.68
JARED MCCANN,,L,30.0,SEA,52,94.42,63.4,0,0.00,3,0.06,44,0.85,55,1.06
PHILIP BROBERG,,D,24.9,STL,81,94.41,65.07,0,0.00,2,0.02,27,0.33,90,1.11
JANI NYMAN,,L,21.8,SEA,28,94.41,56.57,0,0.00,4,0.14,6,0.21,12,0.43
JORDAN SPENCE,,D,25.3,OTT,73,94.31,68.35,0,0.00,3,0.04,38,0.52,99,1.36
FABIAN ZETTERLUND,,R,26.8,OTT,82,94.3,55.6,0,0.00,3,0.04,11,0.13,53,0.65
TIMO MEIER,,L,29.7,N.J,77,94.3,54.32,0,0.00,3,0.04,32,0.42,96,1.25
KEVIN FIALA,,L,29.9,L.A,56,94.3,59.1,0,0.00,4,0.07,39,0.70,59,1.05
VLADISLAV GAVRIKOV,,D,30.5,NYR,82,94.28,66.57,0,0.00,4,0.05,30,0.37,113,1.38
VINCE DUNN,,D,29.6,SEA,81,94.23,70.88,0,0.00,8,0.10,73,0.90,157,1.94
LIAN BICHSEL,,D,22.0,DAL,50,94.12,71.92,0,0.00,3,0.06,17,0.34,48,0.96
ROSS COLTON,,L,29.7,NSH,73,94.11,52.15,0,0.00,1,0.01,8,0.11,45,0.62
ZACH WHITECLOUD,,D,29.5,CGY,78,94.05,68.04,0,0.00,6,0.08,24,0.31,65,0.83
FRANK NAZAR,,C,22.4,CHI,66,94,53.45,0,0.00,1,0.02,20,0.30,38,0.58
MATTHEW ROBERTSON,,D,25.2,NYR,72,93.98,69.05,0,0.00,2,0.03,36,0.50,75,1.04
SHAYNE GOSTISBEHERE,,D,33.1,CAR,55,93.97,69.96,0,0.00,13,0.24,52,0.95,87,1.58
RYAN LEONARD,,R,21.4,WSH,75,93.94,62.86,0,0.00,6,0.08,69,0.92,62,0.83
SIMON BENOIT,,D,27.7,PHI,73,93.92,67.95,0,0.00,4,0.05,25,0.34,34,0.47
MATTHEW SCHAEFER,,D,18.7,NYI,82,93.91,67.71,0,0.00,4,0.05,88,1.07,196,2.39
JOHN KLINGBERG,,D,33.8,S.J,56,93.66,66.88,0,0.00,5,0.09,15,0.27,82,1.46
NIKOLAJ EHLERS,,L,30.3,CAR,82,93.63,63.86,0,0.00,5,0.06,60,0.73,108,1.32
THOMAS CHABOT,,D,29.3,OTT,57,93.62,67.11,0,0.00,7,0.12,39,0.68,74,1.30
NILS HOGLANDER,,R,25.5,VAN,38,93.61,55.86,0,0.00,2,0.05,7,0.18,14,0.37
MATT BOLDY,,L,25.2,MIN,76,93.61,57.97,0,0.00,4,0.05,43,0.57,113,1.49
MIKAEL BACKLUND,,C,37.2,CGY,82,93.53,53.56,0,0.00,6,0.07,17,0.21,39,0.48
ALBERT JOHANSSON,,D,25.4,DET,82,93.52,66.74,0,0.00,7,0.09,25,0.30,58,0.71
NOAH DOBSON,,D,26.4,MTL,80,93.49,67.53,0,0.00,2,0.03,71,0.89,120,1.50
BRANDON CARLO,,D,29.5,TOR,55,93.42,66.43,0,0.00,3,0.05,21,0.38,28,0.51
BO HORVAT,,C,31.2,NYI,68,93.4,61.69,0,0.00,2,0.03,71,1.04,84,1.24
MARTIN NECAS,,R,27.4,COL,78,93.38,60.33,0,0.00,7,0.09,26,0.33,109,1.40
BEN CHIAROT,,D,35.1,DET,82,93.38,68.68,0,0.00,5,0.06,34,0.41,93,1.13
SEAN DURZI,,D,27.6,UTA,60,93.33,66.17,0,0.00,2,0.03,26,0.43,81,1.35
PAVEL DOROFEYEV,,R,25.6,VGK,82,93.33,55.51,0,0.00,3,0.04,49,0.60,80,0.98
ZACH BOGOSIAN,,D,35.9,MIN,41,93.3,70.82,0,0.00,3,0.07,24,0.59,21,0.51
MIKE REILLY,,D,32.9,CAR,42,93.3,68,0,0.00,4,0.10,18,0.43,43,1.02
TAYLOR WARD,,R,28.2,L.A,36,93.28,58.24,0,0.00,3,0.08,10,0.28,18,0.50
RASMUS RISTOLAINEN,,D,31.6,PHI,44,93.25,65.4,0,0.00,3,0.07,23,0.52,38,0.86
DMITRI SIMASHEV,,D,21.3,UTA,28,93.22,67.52,0,0.00,1,0.04,9,0.32,14,0.50
ARTYOM LEVSHUNOV,,D,20.6,CHI,68,93.21,67.37,0,0.00,3,0.04,32,0.47,60,0.88
CONNOR MURPHY,,D,33.2,EDM,80,93.19,66.89,0,0.00,2,0.03,23,0.29,42,0.53
OWEN TIPPETT,,L,27.3,PHI,81,93.15,60.51,0,0.00,3,0.04,63,0.78,104,1.28
CAM YORK,,D,25.4,PHI,74,93.14,62.04,0,0.00,1,0.01,12,0.16,78,1.05
EVGENI MALKIN,,R,39.8,PIT,56,93.07,52.4,0,0.00,1,0.02,9,0.16,38,0.68
DAVID PASTRNAK,,R,30.0,BOS,77,93.06,58.84,0,0.00,10,0.13,64,0.83,99,1.29
DYLAN HOLLOWAY,,L,24.7,STL,59,93.05,59.02,0,0.00,1,0.02,38,0.64,72,1.22
CHARLIE MCAVOY,,D,28.5,BOS,69,92.99,64.6,0,0.00,2,0.03,29,0.42,93,1.35
PAVEL ZACHA,,C,29.2,BOS,78,92.95,49.68,0,0.00,2,0.03,16,0.21,36,0.46
SETH JONES,,D,31.7,FLA,52,92.94,68.26,0,0.00,7,0.13,27,0.52,84,1.62
TYSON FOERSTER,,L,24.4,PHI,29,92.9,61.75,0,0.00,2,0.07,19,0.66,22,0.76
OWEN POWER,,D,23.5,BUF,81,92.88,64.55,0,0.00,1,0.01,27,0.33,65,0.80
SAM BENNETT,,C,30.0,FLA,76,92.87,50.46,0,0.00,1,0.01,10,0.13,69,0.91
NIKOLAS MATINPALO,,D,27.7,OTT,50,92.84,72.43,0,0.00,5,0.10,23,0.46,37,0.74
LAWSON CROUSE,,R,28.9,UTA,81,92.84,51.12,0,0.00,2,0.02,25,0.31,40,0.49
JOSH MORRISSEY,,D,31.2,WPG,77,92.82,67.56,0,0.00,6,0.08,69,0.90,91,1.18
EELI TOLVANEN,,L,27.1,SEA,78,92.8,61.34,0,0.00,6,0.08,52,0.67,57,0.73
OLIVER EKMAN-LARSSON,,D,34.9,TOR,78,92.79,70.94,0,0.00,4,0.05,61,0.78,104,1.33
SHEA THEODORE,,D,30.8,VGK,70,92.77,68.85,0,0.00,4,0.06,60,0.86,104,1.49
ALEXANDER PETROVIC,,D,34.3,DAL,54,92.74,68.11,0,0.00,3,0.06,13,0.24,32,0.59
ELMER SODERBLOM,,L,24.9,PIT,59,92.73,53.85,0,0.00,7,0.12,13,0.22,15,0.25
BROCK FABER,,D,23.8,MIN,80,92.67,70.25,0,0.00,4,0.05,58,0.73,175,2.19
MARTIN FEHERVARY,,D,26.7,WSH,81,92.67,65.01,0,0.00,2,0.02,24,0.30,50,0.62
TYLER MYERS,,D,36.3,DAL,73,92.67,71.31,0,0.00,5,0.07,51,0.70,49,0.67
WILLIAM NYLANDER,,R,30.1,TOR,65,92.61,58.78,0,0.00,3,0.05,50,0.77,54,0.83
K'ANDRE MILLER,,D,26.4,CAR,72,92.59,70.72,0,0.00,4,0.06,43,0.60,153,2.13
ADAM KLAPKA,,R,25.7,CGY,79,92.58,57.32,0,0.00,4,0.05,28,0.35,27,0.34
KRIS LETANG,,D,39.1,PIT,74,92.58,65.46,0,0.00,4,0.05,25,0.34,64,0.86
KYLE CAPOBIANCO,,D,28.8,DAL,33,92.5,68.24,0,0.00,1,0.03,6,0.18,25,0.76
DANTE FABBRO,,D,28.0,CBJ,74,92.41,69.12,0,0.00,2,0.03,17,0.23,71,0.96
ANDREI KUZMENKO,,R,30.3,L.A,52,92.35,53.67,0,0.00,1,0.02,15,0.29,32,0.62
MARK KASTELIC,,R,27.2,BOS,82,92.33,52.79,0,0.00,1,0.01,16,0.20,33,0.40
BRADEN SCHNEIDER,,D,24.7,NYR,82,92.33,67.96,0,0.00,2,0.02,28,0.34,99,1.21
BRADY TKACHUK,,L,26.7,OTT,60,92.28,55.2,0,0.00,3,0.05,36,0.60,59,0.98
JARED SPURGEON,,D,36.5,MIN,79,92.28,62.65,0,0.00,1,0.01,16,0.20,40,0.51
DMITRY ORLOV,,D,34.9,S.J,82,92.27,66.16,0,0.00,2,0.02,50,0.61,47,0.57
CARSON SOUCY,,D,31.9,NYI,76,92.22,67.51,0,0.00,1,0.01,29,0.38,32,0.42
NOAH JUULSEN,,D,29.2,PHI,52,92.13,74.36,0,0.00,8,0.15,27,0.52,25,0.48
JOHN MARINO,,D,29.0,UTA,80,92.1,65.28,0,0.00,2,0.03,23,0.29,40,0.50
GABRIEL LANDESKOG,,L,33.5,COL,60,92.08,47.9,0,0.00,1,0.02,8,0.13,32,0.53
NIKITA KUCHEROV,,R,33.0,T.B,77,92.06,62.49,0,0.00,3,0.04,63,0.82,131,1.70
ROOPE HINTZ,,C,29.5,DAL,53,92.03,52.09,0,0.00,1,0.02,18,0.34,24,0.45
ZACH METSA,,D,27.6,BUF,43,92.02,67.68,0,0.00,1,0.02,5,0.12,17,0.40
WARREN FOEGELE,,L,30.2,OTT,68,91.93,53.18,0,0.00,1,0.01,17,0.25,34,0.50
DREW HELLESON,,D,25.2,ANA,60,91.91,67.34,0,0.00,1,0.02,9,0.15,43,0.72
LIAM OHGREN,,L,22.3,VAN,69,91.9,59.45,0,0.00,2,0.03,23,0.33,35,0.51
BOWEN BYRAM,,D,25.0,BUF,82,91.87,65.28,0,0.00,1,0.01,23,0.28,92,1.12
ELIAS PETTERSSON,,C,27.6,VAN,74,91.81,59.47,0,0.00,2,0.03,30,0.41,79,1.07
TY EMBERSON,,D,26.0,EDM,72,91.8,69.43,0,0.00,1,0.01,12,0.17,47,0.65
JOEL HANLEY,,D,35.0,CGY,68,91.75,66.49,0,0.00,1,0.01,13,0.19,29,0.43
DYLAN LARKIN,,C,29.8,DET,74,91.73,54.61,0,0.00,2,0.03,42,0.57,72,0.97
SAM DICKINSON,,D,20.0,S.J,72,91.73,69.57,0,0.00,3,0.04,35,0.49,76,1.06
TIMOTHY LILJEGREN,,D,27.1,WSH,47,91.72,66.97,0,0.00,2,0.04,16,0.34,50,1.06
PAUL COTTER,,L,26.5,N.J,79,91.72,49.9,0,0.00,1,0.01,5,0.06,17,0.22
TEUVO TERAVAINEN,,L,31.7,CHI,75,91.69,53.14,0,0.00,2,0.03,8,0.11,18,0.24
IAN MOORE,,D,24.4,ANA,67,91.69,63.61,0,0.00,2,0.03,19,0.28,53,0.79
BRETT KULAK,,D,32.4,COL,83,91.68,63.99,0,0.00,2,0.02,27,0.33,42,0.51
RYAN GRAVES,,D,31.0,PIT,22,91.61,69.61,0,0.00,3,0.14,10,0.45,23,1.05
DEVON TOEWS,,D,32.3,COL,68,91.56,66.75,0,0.00,1,0.01,31,0.46,80,1.18
SIMON NEMEC,,D,22.3,N.J,68,91.48,64.61,0,0.00,2,0.03,29,0.43,78,1.15
CONNOR MCMICHAEL,,L,25.4,WSH,78,91.4,51.69,0,0.00,1,0.01,13,0.17,42,0.54
DYLAN GUENTHER,,R,23.2,UTA,79,91.39,61.4,0,0.00,2,0.03,82,1.04,122,1.54
JOEL ERIKSSON EK,,C,29.3,MIN,70,91.37,50.78,0,0.00,1,0.01,17,0.24,52,0.74
ANDREW PEEKE,,D,28.2,BOS,77,91.28,64.92,0,0.00,1,0.01,10,0.13,62,0.81
HENRI JOKIHARJU,,D,27.0,BOS,41,91.28,68.1,0,0.00,1,0.02,12,0.29,41,1.00
CLAYTON KELLER,,L,27.8,UTA,82,91.26,58.03,0,0.00,1,0.01,40,0.49,55,0.67
RYAN DONATO,,L,30.2,CHI,82,91.26,53.4,0,0.00,1,0.01,35,0.43,36,0.44
KASPERI KAPANEN,,R,29.9,EDM,41,91.2,55.54,0,0.00,1,0.02,14,0.34,14,0.34
TOM WILSON,,R,32.2,WSH,72,91.2,51.4,0,0.00,1,0.01,16,0.22,58,0.81
DECLAN CHISHOLM,,D,26.4,WSH,26,91.18,66.64,0,0.00,1,0.04,6,0.23,21,0.81
JAKE MCCABE,,D,32.6,TOR,80,91.18,64.51,0,0.00,2,0.03,17,0.21,50,0.63
ZEMGUS GIRGENSONS,,L,32.4,T.B,74,91.17,46.83,0,0.00,1,0.01,5,0.07,17,0.23
VINCENT TROCHECK,,C,32.9,NYR,67,91.12,48.42,0,0.00,2,0.03,0,0.00,26,0.39
VASILY PODKOLZIN,,L,24.9,EDM,82,91.11,53.77,0,0.00,1,0.01,18,0.22,44,0.54
JEREMY LAUZON,,D,29.1,VGK,68,91.07,66.21,0,0.00,1,0.01,31,0.46,45,0.66
SCOTT MORROW,,D,23.6,NYR,29,91.06,66.12,0,0.00,1,0.03,6,0.21,24,0.83
NATHAN MACKINNON,,C,30.8,COL,80,90.99,58.6,0,0.00,1,0.01,62,0.78,121,1.51
MACKENZIE WEEGAR,,D,32.4,UTA,79,90.98,67.85,0,0.00,1,0.01,53,0.67,119,1.51
KYLE CONNOR,,L,29.5,WPG,82,90.91,56.62,0,0.00,1,0.01,39,0.48,104,1.27
JONAS SIEGENTHALER,,D,29.1,N.J,82,90.88,63.83,0,0.00,1,0.01,14,0.17,34,0.41
SHAKIR MUKHAMADULLIN,,D,24.4,S.J,50,90.87,67.95,0,0.00,1,0.02,20,0.40,39,0.78
OLLI MAATTA,,D,31.8,CGY,43,90.84,59.68,0,0.00,2,0.05,5,0.12,13,0.30
JAMES VAN RIEMSDYK,,L,37.1,DET,72,90.84,41.71,0,0.00,1,0.01,2,0.03,14,0.19
CONNOR BEDARD,,C,20.9,CHI,69,90.74,60.74,0,0.00,1,0.01,35,0.51,123,1.78
RASMUS SANDIN,,D,26.2,WSH,73,90.74,66.92,0,0.00,1,0.01,13,0.18,79,1.08
BRENDEN DILLON,,D,35.6,N.J,82,90.71,65.75,0,0.00,1,0.01,14,0.17,23,0.28
HAMPUS LINDHOLM,,D,32.4,BOS,67,90.68,68.09,0,0.00,1,0.01,37,0.55,87,1.30
ARSENY GRITSYUK,,L,25.2,N.J,66,90.64,60.96,0,0.00,1,0.02,38,0.58,61,0.92
KEVIN STENLUND,,C,29.7,UTA,80,90.62,58.04,0,0.00,1,0.01,17,0.21,36,0.45
NOAH HANIFIN,,D,29.4,VGK,71,90.61,68.42,0,0.00,2,0.03,57,0.80,87,1.23
DRAKE BATHERSON,,R,28.1,OTT,79,90.61,52.62,0,0.00,1,0.01,25,0.32,50,0.63
ADAM WILSBY,,D,25.8,NSH,58,90.58,61.69,0,0.00,1,0.02,13,0.22,24,0.41
SIMON HOLMSTROM,,R,25.0,NYI,79,90.56,57.15,0,0.00,1,0.01,23,0.29,38,0.48
NEAL PIONK,,D,30.8,WPG,51,90.56,69.18,0,0.00,1,0.02,46,0.90,58,1.14
SHANE PINTO,,C,25.6,OTT,72,90.56,56.11,0,0.00,1,0.01,21,0.29,63,0.88
LUCAS RAYMOND,,R,24.2,DET,80,90.47,60.53,0,0.00,1,0.01,37,0.46,94,1.18
FILIP FORSBERG,,L,31.8,NSH,82,90.46,61.02,0,0.00,2,0.02,79,0.96,142,1.73
JAKE CHRISTIANSEN,,D,26.7,CBJ,40,90.37,66.86,0,0.00,1,0.03,8,0.20,22,0.55
ANTHONY DUCLAIR,,L,30.8,NYI,62,90.36,59.02,0,0.00,2,0.03,20,0.32,33,0.53
MATTY BENIERS,,C,23.6,SEA,82,90.36,54.9,0,0.00,1,0.01,20,0.24,71,0.87
WILL CUYLLE,,L,24.3,NYR,82,90.33,53.75,0,0.00,1,0.01,27,0.33,56,0.68
PARKER KELLY,,L,27.1,COL,82,90.29,54.15,0,0.00,1,0.01,23,0.28,37,0.45
BOONE JENNER,,C,33.0,CBJ,67,90.27,50.73,0,0.00,1,0.01,24,0.36,40,0.60
WILL SMITH,,R,21.2,S.J,69,90.26,55.67,0,0.00,1,0.01,12,0.17,72,1.04
BEN HUTTON,,D,33.1,VGK,55,90.19,69.04,0,0.00,1,0.02,33,0.60,48,0.87
LANE HUTSON,,D,22.3,MTL,82,90.18,62.09,0,0.00,1,0.01,10,0.12,74,0.90
JAMIE BENN,,R,36.9,DAL,60,90.18,45.13,0,0.00,1,0.02,5,0.08,11,0.18
JASON ROBERTSON,,L,26.9,DAL,82,90.18,55.41,0,0.00,1,0.01,35,0.43,107,1.30
EGOR ZAMULA,,D,26.2,CBJ,33,90.15,71.12,0,0.00,1,0.03,6,0.18,18,0.55
IVAN DEMIDOV,,R,20.5,MTL,82,90.14,59.96,0,0.00,2,0.02,27,0.33,80,0.98
PARKER WOTHERSPOON,,D,28.8,PIT,80,90.12,69.59,0,0.00,1,0.01,14,0.18,63,0.79
DYLAN SAMBERG,,D,27.4,WPG,66,90.1,68.62,0,0.00,1,0.02,36,0.55,71,1.08
TIM STUTZLE,,C,24.4,OTT,80,90.1,55.52,0,0.00,1,0.01,24,0.30,100,1.25
JOSHUA MAHURA,,D,28.1,SEA,23,90.07,67.89,0,0.00,1,0.04,4,0.17,16,0.70
DYLAN COZENS,,C,25.3,OTT,82,90.04,53.27,0,0.00,1,0.01,28,0.34,81,0.99
OLEN ZELLWEGER,,D,22.7,ANA,76,90.03,64.17,0,0.00,1,0.01,39,0.51,87,1.14
DONOVAN SEBRANGO,,D,24.4,FLA,42,90.01,71.51,0,0.00,1,0.02,16,0.38,44,1.05
TY DELLANDREA,,R,25.9,S.J,46,89.97,49.79,0,0.00,0,0.00,7,0.15,15,0.33
NICK BLANKENBURG,,D,28.1,COL,61,89.97,66.2,0,0.00,0,0.00,18,0.30,74,1.21
VICTOR OLOFSSON,,R,30.9,CGY,78,89.96,60.83,0,0.00,0,0.00,39,0.50,61,0.78
EVAN RODRIGUES,,C,32.9,FLA,69,89.96,54.64,0,0.00,0,0.00,10,0.14,53,0.77
KAEDAN KORCZAK,,D,25.3,VGK,78,89.84,64.32,0,0.00,0,0.00,12,0.15,46,0.59
DALIBOR DVORSKY,,C,21.0,STL,71,89.81,56.73,0,0.00,0,0.00,16,0.23,34,0.48
CHARLIE COYLE,,C,34.3,CBJ,82,89.76,45.55,0,0.00,0,0.00,2,0.02,20,0.24
BRADY SKJEI,,D,32.2,NSH,82,89.71,67.55,0,0.00,0,0.00,48,0.59,70,0.85
MATVEI GRIDIN,,L,20.3,CGY,37,89.7,60.56,0,0.00,0,0.00,14,0.38,34,0.92
MAVRIK BOURQUE,,R,24.4,DAL,82,89.7,49.82,0,0.00,0,0.00,7,0.09,32,0.39
ETHEN FRANK,,R,28.3,WSH,62,89.69,50.72,0,0.00,0,0.00,18,0.29,21,0.34
EMIL LILLEBERG,,D,25.3,T.B,50,89.69,64.6,0,0.00,0,0.00,14,0.28,28,0.56
MACKIE SAMOSKEVICH,,L,23.6,SEA,77,89.69,54.33,0,0.00,0,0.00,26,0.34,61,0.79
COLE KOEPKE,,R,28.0,WPG,66,89.65,54.88,0,0.00,0,0.00,7,0.11,39,0.59
SIDNEY CROSBY,,C,38.8,PIT,68,89.62,49.81,0,0.00,0,0.00,8,0.12,32,0.47
MARCUS PETTERSSON,,D,30.1,VAN,82,89.62,66.13,0,0.00,0,0.00,37,0.45,31,0.38
FRANK VATRANO,,R,32.2,ANA,50,89.6,57.97,0,0.00,0,0.00,15,0.30,36,0.72
JONATHAN MARCHESSAULT,,R,35.4,NSH,62,89.6,53.18,0,0.00,0,0.00,9,0.15,48,0.77
BEN MEYERS,,C,27.6,SEA,52,89.56,52.12,0,0.00,0,0.00,9,0.17,14,0.27
MIRO HEISKANEN,,D,26.9,DAL,77,89.56,65.59,0,0.00,0,0.00,35,0.45,116,1.51
TOMAS HERTL,,C,32.6,VGK,82,89.51,45.4,0,0.00,0,0.00,12,0.15,31,0.38
ARTEMI PANARIN,,L,34.6,L.A,78,89.48,62.88,0,0.00,0,0.00,30,0.38,145,1.86
TRAVIS HAMONIC,,D,35.8,DET,26,89.45,75.41,0,0.00,0,0.00,19,0.73,11,0.42
BEN KINDEL,,C,19.1,PIT,77,89.44,53.06,0,0.00,0,0.00,16,0.21,51,0.66
JOEL NYSTROM,,D,24.1,CAR,38,89.43,72.05,0,0.00,0,0.00,30,0.79,48,1.26
MATIAS MACCELLI,,L,25.6,TOR,71,89.42,55.62,0,0.00,0,0.00,8,0.11,42,0.59
NICO HISCHIER,,C,27.4,N.J,82,89.41,50.24,0,0.00,0,0.00,17,0.21,50,0.61
JADEN SCHWARTZ,,R,33.9,SEA,50,89.4,49.85,0,0.00,0,0.00,10,0.20,20,0.40
MATHIEU OLIVIER,,R,29.3,CBJ,61,89.39,49.71,0,0.00,0,0.00,17,0.28,24,0.39
KYLE PALMIERI,,R,35.3,NYI,25,89.38,49.53,0,0.00,0,0.00,11,0.44,14,0.56
TRAVIS KONECNY,,R,29.2,PHI,77,89.37,55.64,0,0.00,0,0.00,17,0.22,56,0.73
ALEX TUCH,,R,30.1,BUF,79,89.31,57.74,0,0.00,0,0.00,33,0.42,72,0.91
MICHAEL MCCARRON,,C,31.2,MIN,79,89.28,49.88,0,0.00,0,0.00,9,0.11,36,0.46
NICK SCHMALTZ,,C,30.3,UTA,82,89.28,49.23,0,0.00,0,0.00,3,0.04,46,0.56
WILLIAM EKLUND,,L,23.6,S.J,78,89.26,51.33,0,0.00,0,0.00,17,0.22,54,0.69
JONAS BRODIN,,D,32.9,MIN,62,89.24,66.31,0,0.00,0,0.00,20,0.32,49,0.79
DANILA YUROV,,R,22.4,MIN,73,89.24,46.47,0,0.00,0,0.00,3,0.04,18,0.25
ELIAS SALOMONSSON,,D,21.8,WPG,32,89.24,65.35,0,0.00,0,0.00,14,0.44,28,0.88
BOBBY MCMANN,,L,30.0,SEA,78,89.22,56.18,0,0.00,0,0.00,25,0.32,70,0.90
TYLER TOFFOLI,,R,34.1,S.J,79,89.22,53.44,0,0.00,0,0.00,9,0.11,64,0.81
DENTON MATEYCHUK,,D,21.9,CBJ,75,89.21,65.54,0,0.00,0,0.00,21,0.28,73,0.97
ALEXANDER WENNBERG,,C,31.7,S.J,80,89.21,42.32,0,0.00,0,0.00,6,0.08,15,0.19
SEBASTIAN AHO,,C,28.9,CAR,79,89.18,56.57,0,0.00,0,0.00,16,0.20,93,1.18
JOEL ARMIA,,L,33.0,L.A,67,89.18,55.74,0,0.00,0,0.00,21,0.31,33,0.49
ALIAKSEI PROTAS,,L,25.4,WSH,76,89.17,54.24,0,0.00,0,0.00,29,0.38,60,0.79
WYATT KAISER,,D,23.8,CHI,77,89.14,63.71,0,0.00,0,0.00,14,0.18,47,0.61
SCOTT LAUGHTON,,C,32.0,L.A,64,89.09,50.68,0,0.00,0,0.00,7,0.11,21,0.33
CASEY CIZIKAS,,C,35.3,NYI,81,89.09,47.14,0,0.00,0,0.00,6,0.07,18,0.22
NICOLAS DESLAURIERS,,L,35.3,CAR,31,89.08,55.45,0,0.00,0,0.00,3,0.10,7,0.23
JOSH DOAN,,R,24.3,BUF,82,89.06,48.32,0,0.00,0,0.00,15,0.18,48,0.59
ALEXANDER HOLTZ,,R,24.4,VGK,28,89.04,51.09,0,0.00,0,0.00,6,0.21,13,0.46
CONNOR CLIFTON,,D,31.1,PIT,50,89.03,65,0,0.00,0,0.00,10,0.20,43,0.86
LUKE SCHENN,,D,36.6,BUF,50,88.96,67.25,0,0.00,0,0.00,15,0.30,20,0.40
CLAUDE GIROUX,,R,38.4,OTT,82,88.94,54.04,0,0.00,0,0.00,10,0.12,34,0.41
QUINTON BYFIELD,,C,23.8,L.A,79,88.94,56.44,0,0.00,0,0.00,38,0.48,66,0.84
AATU RATY,,R,23.6,VAN,66,88.91,54.51,0,0.00,0,0.00,9,0.14,27,0.41
JUSTIN SOURDIF,,C,24.2,WSH,78,88.88,52.66,0,0.00,0,0.00,15,0.19,37,0.47
PAVEL BUCHNEVICH,,L,31.1,STL,81,88.86,48.82,0,0.00,0,0.00,5,0.06,36,0.44
JOHNATHAN KOVACEVIC,,D,28.9,N.J,34,88.84,70.25,0,0.00,0,0.00,16,0.47,30,0.88
ALEX IAFALLO,,R,32.5,WPG,79,88.84,44.75,0,0.00,0,0.00,2,0.03,27,0.34
JARED WRIGHT,,R,23.5,L.A,23,88.82,54.41,0,0.00,0,0.00,4,0.17,8,0.35
PHILLIP DANAULT,,C,33.3,MTL,75,88.82,46.57,0,0.00,0,0.00,3,0.04,12,0.16
YANNI GOURDE,,C,34.5,T.B,82,88.82,53.88,0,0.00,0,0.00,12,0.15,41,0.50
SIMON EDVINSSON,,D,23.3,DET,72,88.81,66.11,0,0.00,0,0.00,14,0.19,76,1.06
DAEMON HUNT,,D,24.1,MIN,32,88.81,67.53,0,0.00,0,0.00,6,0.19,13,0.41
JUUSO PARSSINEN,,C,25.3,NYR,20,88.77,52.8,0,0.00,0,0.00,3,0.15,3,0.15
NICK SEELER,,D,33.0,PHI,80,88.76,66.74,0,0.00,0,0.00,19,0.24,80,1.00
ADAM BOQVIST,,D,25.8,NYI,28,88.73,66.97,0,0.00,0,0.00,5,0.18,16,0.57
RYKER EVANS,,D,24.5,SEA,67,88.71,65.62,0,0.00,0,0.00,8,0.12,44,0.66
YAKOV TRENIN,,C,29.4,MIN,82,88.7,44.43,0,0.00,0,0.00,4,0.05,16,0.20
KIRILL MARCHENKO,,L,25.9,CBJ,76,88.7,58.9,0,0.00,0,0.00,39,0.51,131,1.72
DAVID TOMASEK,,C,30.3,,22,88.7,50.38,0,0.00,0,0.00,1,0.05,6,0.27
BLAKE COLEMAN,,L,34.5,CGY,69,88.67,47.69,0,0.00,0,0.00,6,0.09,26,0.38
A.J. GREER,,R,29.5,FLA,78,88.66,52.75,0,0.00,0,0.00,22,0.28,31,0.40
ALEXEY TOROPCHENKO,,L,26.9,STL,65,88.62,52.03,0,0.00,0,0.00,11,0.17,16,0.25
JONNY BRODZINSKI,,R,33.0,NYR,55,88.61,57.57,0,0.00,0,0.00,19,0.35,35,0.64
MATS ZUCCARELLO,,R,38.8,MIN,59,88.58,53.63,0,0.00,0,0.00,11,0.19,48,0.81
RYAN MCDONAGH,,D,37.0,T.B,48,88.57,65.06,0,0.00,0,0.00,11,0.23,24,0.50
ONDREJ PALAT,,L,35.2,NYI,80,88.51,47.46,0,0.00,0,0.00,6,0.08,12,0.15
OLIVER KAPANEN,,C,22.8,MTL,82,88.48,50.92,0,0.00,0,0.00,14,0.17,28,0.34
RYAN NUGENT-HOPKINS,,L,33.1,EDM,72,88.46,50.98,0,0.00,0,0.00,4,0.06,47,0.65
JOHN TAVARES,,C,35.7,TOR,82,88.46,44.33,0,0.00,0,0.00,5,0.06,37,0.45
NICK DESIMONE,,D,31.5,UTA,40,88.45,66.11,0,0.00,0,0.00,8,0.20,25,0.63
JAYDEN STRUBLE,,D,24.7,MTL,59,88.44,65.26,0,0.00,0,0.00,11,0.19,28,0.47
RYAN SHEA,,D,29.3,PIT,80,88.43,67.36,0,0.00,0,0.00,20,0.25,61,0.76
ADAM FANTILLI,,C,21.6,CBJ,82,88.4,57.82,0,0.00,0,0.00,33,0.40,117,1.43
JORDAN STAAL,,C,37.7,CAR,75,88.4,47.1,0,0.00,0,0.00,4,0.05,25,0.33
BRYAN RUST,,R,34.1,PIT,72,88.38,50.27,0,0.00,0,0.00,12,0.17,51,0.71
AUSTON MATTHEWS,,C,28.7,TOR,60,88.35,53.34,0,0.00,0,0.00,22,0.37,84,1.40
MARCUS FOLIGNO,,L,34.8,MIN,56,88.31,47.87,0,0.00,0,0.00,8,0.14,15,0.27
ELIAS LINDHOLM,,C,31.5,BOS,69,88.3,52.67,0,0.00,0,0.00,12,0.17,47,0.68
TONY DEANGELO,,D,30.6,NYI,76,88.3,67.01,0,0.00,0,0.00,29,0.38,101,1.33
EVANDER KANE,,R,34.8,VAN,71,88.29,55.96,0,0.00,0,0.00,31,0.44,82,1.15
JASON DICKINSON,,C,30.9,EDM,64,88.29,56.99,0,0.00,0,0.00,7,0.11,33,0.52
ADAM HENRIQUE,,C,36.3,EDM,65,88.29,48.17,0,0.00,0,0.00,6,0.09,23,0.35
TAYLOR HALL,,L,34.6,CAR,80,88.27,50.34,0,0.00,0,0.00,3,0.04,39,0.49
DANIIL BUT,,R,21.3,UTA,29,88.23,50.09,0,0.00,0,0.00,10,0.34,8,0.28
COREY PERRY,,R,41.1,T.B,72,88.23,45.4,0,0.00,0,0.00,8,0.11,22,0.31
TANNER JEANNOT,,L,29.0,BOS,77,88.22,53.59,0,0.00,0,0.00,11,0.14,33,0.43
RADEK FAKSA,,C,32.4,DAL,58,88.21,47.75,0,0.00,0,0.00,2,0.03,12,0.21
MICHAEL CARCONE,,R,30.0,UTA,79,88.18,53.74,0,0.00,0,0.00,19,0.24,47,0.59
IAN COLE,,D,37.3,UTA,82,88.18,64.52,0,0.00,0,0.00,17,0.21,42,0.51
SETH JARVIS,,R,24.3,CAR,71,88.16,54,0,0.00,0,0.00,41,0.58,80,1.13
TREVOR MOORE,,L,31.2,L.A,69,88.15,54.78,0,0.00,0,0.00,21,0.30,55,0.80
THOMAS HARLEY,,D,24.8,DAL,70,88.14,69.18,0,0.00,0,0.00,30,0.43,137,1.96
ALEX DEBRINCAT,,L,28.5,DET,82,88.14,57.83,0,0.00,0,0.00,27,0.33,133,1.62
EMIL ANDRAE,,D,24.3,TOR,61,88.11,64.34,0,0.00,0,0.00,10,0.16,31,0.51
JONATHAN TOEWS,,C,38.1,WPG,82,88.08,49.96,0,0.00,0,0.00,5,0.06,21,0.26
DREW O'CONNOR,,L,28.0,VAN,82,88.06,50.74,0,0.00,0,0.00,16,0.20,40,0.49
ALEXANDRE TEXIER,,L,26.7,MTL,51,88.06,58.54,0,0.00,0,0.00,24,0.47,27,0.53
DAVID PERRON,,R,38.0,DET,65,88.04,54.88,0,0.00,0,0.00,9,0.14,32,0.49
COLE CAUFIELD,,L,25.4,MTL,81,88,55.65,0,0.00,0,0.00,29,0.36,96,1.19
RICKARD RAKELL,,L,33.1,PIT,60,88,47.71,0,0.00,0,0.00,6,0.10,36,0.60
LOGAN COOLEY,,C,22.1,UTA,54,87.97,49.32,0,0.00,0,0.00,10,0.19,27,0.50
JOE VELENO,,C,26.4,MTL,61,87.96,55.21,0,0.00,0,0.00,10,0.16,13,0.21
MATT CORONATO,,R,23.6,CGY,80,87.94,56.89,0,0.00,0,0.00,26,0.33,87,1.09
ARTTURI LEHKONEN,,L,30.9,COL,70,87.89,47.87,0,0.00,0,0.00,12,0.17,33,0.47
ILYA LYUBUSHKIN,,D,32.2,DAL,53,87.83,66.03,0,0.00,0,0.00,9,0.17,16,0.30
VINCENT IORIO,,D,23.6,NYR,27,87.83,68.7,0,0.00,0,0.00,4,0.15,18,0.67
ZACHARY BOLDUC,,L,23.3,MTL,78,87.82,57.31,0,0.00,0,0.00,16,0.21,45,0.58
ILYA MIKHEYEV,,L,31.6,CHI,77,87.8,54.88,0,0.00,0,0.00,23,0.30,46,0.60
TRENT FREDERIC,,R,28.3,EDM,74,87.79,52.29,0,0.00,0,0.00,12,0.16,22,0.30
JANSEN HARKINS,,C,29.0,ANA,44,87.78,52.98,0,0.00,0,0.00,3,0.07,8,0.18
KIRILL KAPRIZOV,,L,29.1,MIN,78,87.78,55.47,0,0.00,0,0.00,30,0.38,103,1.32
JACK QUINN,,R,24.7,BUF,82,87.68,57.96,0,0.00,0,0.00,24,0.29,103,1.26
VALERI NICHUSHKIN,,R,31.3,COL,72,87.68,52.34,0,0.00,0,0.00,9,0.13,57,0.79
MICHAEL AMADIO,,R,30.1,OTT,81,87.67,46.55,0,0.00,0,0.00,6,0.07,12,0.15
KAIDEN GUHLE,,D,24.4,MTL,39,87.64,67.31,0,0.00,0,0.00,18,0.46,40,1.03
JACOB BERNARD-DOCKER,,D,25.9,DET,63,87.61,66.62,0,0.00,0,0.00,3,0.05,41,0.65
BRANDON HAGEL,,L,27.8,T.B,71,87.58,55.36,0,0.00,0,0.00,20,0.28,92,1.30
JOSH ANDERSON,,R,32.1,MTL,72,87.54,50.04,0,0.00,0,0.00,9,0.13,21,0.29
MASON MCTAVISH,,L,23.3,ANA,75,87.5,55.4,0,0.00,0,0.00,25,0.33,70,0.93
BRIAN DUMOULIN,,D,34.7,L.A,82,87.5,64.89,0,0.00,0,0.00,7,0.09,54,0.66
SCOTT MAYFIELD,,D,33.6,NYI,80,87.43,66.2,0,0.00,0,0.00,9,0.11,68,0.85
SAMUEL GIRARD,,D,28.1,PIT,60,87.4,63.04,0,0.00,0,0.00,11,0.18,29,0.48
RYAN HARTMAN,,R,31.7,MIN,76,87.38,50.93,0,0.00,0,0.00,12,0.16,42,0.55
ERIK CERNAK,,D,29.0,T.B,61,87.37,67.09,0,0.00,0,0.00,12,0.20,48,0.79
IVAN BARBASHEV,,L,30.5,VGK,82,87.36,44.38,0,0.00,0,0.00,4,0.05,24,0.29
JOSH NORRIS,,C,27.1,BUF,44,87.36,53.36,0,0.00,0,0.00,10,0.23,23,0.52
NOAH OSTLUND,,C,22.2,BUF,60,87.34,55.9,0,0.00,0,0.00,6,0.10,27,0.45
JACK ST. IVANY,,D,26.9,PIT,20,87.33,67.91,0,0.00,0,0.00,9,0.45,12,0.60
ERIK HAULA,,C,35.2,NSH,81,87.32,50.49,0,0.00,0,0.00,10,0.12,36,0.44
KAAPO KAKKO,,R,25.3,SEA,65,87.3,54.8,0,0.00,0,0.00,12,0.18,25,0.38
MASON LOHREI,,D,25.4,BOS,73,87.29,66.39,0,0.00,0,0.00,20,0.27,75,1.03
SEAN KURALY,,C,33.4,BOS,82,87.28,54.68,0,0.00,0,0.00,8,0.10,37,0.45
ANDERS LEE,,L,35.9,NYI,82,87.27,42.73,0,0.00,0,0.00,11,0.13,32,0.39
NINO NIEDERREITER,,L,33.7,WPG,61,87.26,51.42,0,0.00,0,0.00,6,0.10,29,0.48
BRAYDEN SCHENN,,L,34.8,NYI,80,87.25,52.2,0,0.00,0,0.00,8,0.10,56,0.70
ANZE KOPITAR,,C,38.8,L.A,67,87.24,46.74,0,0.00,0,0.00,5,0.07,32,0.48
MATTHEW KNIES,,L,23.6,TOR,79,87.21,47.9,0,0.00,0,0.00,20,0.25,19,0.24
MASON MARCHMENT,,L,31.0,CBJ,68,87.21,56.17,0,0.00,0,0.00,21,0.31,59,0.87
MORGAN RIELLY,,D,32.2,TOR,78,87.13,64.27,0,0.00,0,0.00,9,0.12,103,1.32
MIKKO RANTANEN,,R,29.6,DAL,64,87.13,54.3,0,0.00,0,0.00,12,0.19,48,0.75
MARCO KASPER,,C,22.2,DET,81,87.11,50.97,0,0.00,0,0.00,9,0.11,46,0.57
NICK LARDIS,,R,20.9,CHI,41,87.09,57.13,0,0.00,0,0.00,13,0.32,30,0.73
LENNI HAMEENAHO,,L,21.6,N.J,33,87.08,58.29,0,0.00,0,0.00,7,0.21,19,0.58
JUSTIN KIRKLAND,,C,29.8,CGY,20,87.05,48.43,0,0.00,0,0.00,1,0.05,4,0.20
COLE SILLINGER,,L,23.1,CBJ,81,87.01,57.61,0,0.00,0,0.00,27,0.33,49,0.60
BRANDT CLARKE,,D,23.3,L.A,82,87,61.98,0,0.00,0,0.00,19,0.23,71,0.87
ALEX LAFERRIERE,,R,24.6,L.A,82,86.97,52.12,0,0.00,0,0.00,24,0.29,65,0.79
KAILER YAMAMOTO,,L,27.7,UTA,59,86.92,45.88,0,0.00,0,0.00,3,0.05,7,0.12
CHRIS KREIDER,,L,35.1,ANA,75,86.92,49.24,0,0.00,0,0.00,15,0.20,46,0.61
MARC GATCOMB,,R,26.9,NYI,49,86.91,53.39,0,0.00,0,0.00,11,0.22,11,0.22
MARK SCHEIFELE,,C,33.2,WPG,82,86.91,51.24,0,0.00,0,0.00,15,0.18,64,0.78
JACK ROSLOVIC,,R,29.3,EDM,69,86.91,55.15,0,0.00,0,0.00,25,0.36,53,0.77
DAWSON MERCER,,R,24.6,N.J,82,86.9,47.12,0,0.00,0,0.00,9,0.11,37,0.45
TYE KARTYE,,L,25.1,NYR,64,86.9,59.34,0,0.00,0,0.00,17,0.27,31,0.48
JURAJ SLAFKOVSKY,,R,22.2,MTL,82,86.89,54.08,0,0.00,0,0.00,22,0.27,82,1.00
EASTON COWAN,,L,21.0,TOR,66,86.84,56.96,0,0.00,0,0.00,18,0.27,42,0.64
TOM WILLANDER,,D,21.3,VAN,70,86.83,68.55,0,0.00,0,0.00,14,0.20,72,1.03
ARTTU HYRY,,C,25.2,DAL,20,86.82,48.96,0,0.00,0,0.00,4,0.20,6,0.30
PIUS SUTER,,C,30.0,STL,64,86.79,44.56,0,0.00,0,0.00,1,0.02,13,0.20
J.J. MOSER,,D,26.0,T.B,79,86.79,65.01,0,0.00,0,0.00,14,0.18,79,1.00
MAX JONES,,L,28.3,EDM,21,86.74,51.95,0,0.00,0,0.00,4,0.19,4,0.19
BRANDON TANEV,,R,34.4,UTA,56,86.72,47.91,0,0.00,0,0.00,4,0.07,5,0.09
SAMUEL HELENIUS,,C,23.5,L.A,53,86.62,54,0,0.00,0,0.00,6,0.11,14,0.26
BRAYDEN PACHAL,,D,26.8,CGY,39,86.62,67.66,0,0.00,0,0.00,7,0.18,27,0.69
NICK COUSINS,,L,32.9,OTT,81,86.6,47.85,0,0.00,0,0.00,1,0.01,12,0.15
MARCUS JOHANSSON,,L,35.7,MIN,75,86.59,54.39,0,0.00,0,0.00,15,0.20,42,0.56
DYLAN DEMELO,,D,33.1,WPG,82,86.58,65.34,0,0.00,0,0.00,17,0.21,56,0.68
TANNER PEARSON,,L,33.8,BUF,56,86.57,58.88,0,0.00,0,0.00,8,0.14,22,0.39
BROCK NELSON,,C,34.6,COL,81,86.46,52.03,0,0.00,0,0.00,23,0.28,57,0.70
AARON EKBLAD,,D,30.3,FLA,72,86.46,63.41,0,0.00,0,0.00,10,0.14,69,0.96
BECK MALENSTYN,,R,28.3,BUF,81,86.45,50.28,0,0.00,0,0.00,6,0.07,23,0.28
MICHAEL BUNTING,,L,30.7,DAL,74,86.4,51.96,0,0.00,0,0.00,10,0.14,46,0.62
OLIVER MOORE,,L,21.4,CHI,51,86.35,55.98,0,0.00,0,0.00,10,0.20,25,0.49
ANDRE BURAKOVSKY,,R,31.3,CHI,75,86.35,57.85,0,0.00,0,0.00,13,0.17,49,0.65
VICTOR MANCINI,,D,24.0,VAN,24,86.34,72.02,0,0.00,0,0.00,8,0.33,15,0.63
JACOB BRYSON,,D,28.5,WPG,50,86.34,64.49,0,0.00,0,0.00,4,0.08,18,0.36
MITCH MARNER,,R,29.1,VGK,81,86.31,55.06,0,0.00,0,0.00,4,0.05,65,0.80
RYAN LINDGREN,,D,28.3,SEA,76,86.28,62.28,0,0.00,0,0.00,3,0.04,33,0.43
MICHAEL MISA,,C,19.3,S.J,45,86.28,46.35,0,0.00,0,0.00,2,0.04,10,0.22
GAVIN BRINDLEY,,R,21.7,COL,56,86.26,49.83,0,0.00,0,0.00,3,0.05,23,0.41
JEFF SKINNER,,L,34.0,,32,86.26,54.58,0,0.00,0,0.00,6,0.19,21,0.66
LEON DRAISAITL,,C,30.6,EDM,65,86.26,55.52,0,0.00,0,0.00,12,0.18,73,1.12
LOGAN STANKOVEN,,C,23.3,CAR,81,86.21,51.63,0,0.00,0,0.00,2,0.02,54,0.67
SAM STEEL,,L,28.3,DAL,73,86.18,49.24,0,0.00,0,0.00,6,0.08,24,0.33
RUTGER MCGROARTY,,L,22.2,PIT,24,86.18,50.46,0,0.00,0,0.00,1,0.04,11,0.46
ANDREW MANGIAPANE,,L,30.2,CHI,62,86.16,48.58,0,0.00,0,0.00,4,0.06,17,0.27
TAYLOR RADDYSH,,L,28.3,NYR,68,86.15,48.26,0,0.00,0,0.00,4,0.06,14,0.21
JOHN BEECHER,,C,25.2,CGY,35,86.11,55.35,0,0.00,0,0.00,5,0.14,14,0.40
ADAM LOWRY,,C,33.2,WPG,70,86.1,47.12,0,0.00,0,0.00,6,0.09,21,0.30
DOMINIC JAMES,,C,23.9,T.B,43,86.09,56.3,0,0.00,0,0.00,12,0.28,20,0.47
KYLE MACLEAN,,L,27.1,NYI,59,86.08,52.81,0,0.00,0,0.00,6,0.10,13,0.22
EMMITT FINNIE,,L,20.9,DET,82,86.07,48.98,0,0.00,0,0.00,7,0.09,35,0.43
PIERRE-LUC DUBOIS,,C,27.9,WSH,29,86.04,51.16,0,0.00,0,0.00,9,0.31,6,0.21
RIDLY GREIG,,L,23.8,OTT,77,86.03,46.51,0,0.00,0,0.00,2,0.03,26,0.34
CARTER VERHAEGHE,,L,30.8,FLA,77,86.02,52.16,0,0.00,0,0.00,5,0.06,49,0.64
NICK SUZUKI,,C,26.8,MTL,82,86.02,56.96,0,0.00,0,0.00,37,0.45,94,1.15
RYAN MCLEOD,,C,26.7,BUF,81,85.98,54.23,0,0.00,0,0.00,3,0.04,19,0.23
NICK PERBIX,,D,28.0,NSH,79,85.94,64.97,0,0.00,0,0.00,11,0.14,71,0.90
ALEXANDRE CARRIER,,D,29.7,MTL,73,85.93,63.12,0,0.00,0,0.00,3,0.04,33,0.45
DECLAN CARLILE,,D,26.0,T.B,42,85.84,65.16,0,0.00,0,0.00,10,0.24,31,0.74
NIKO MIKKOLA,,D,30.1,FLA,68,85.76,61.41,0,0.00,0,0.00,6,0.09,44,0.65
J.T. COMPHER,,C,31.2,DET,82,85.73,51.62,0,0.00,0,0.00,6,0.07,28,0.34
SAM RINZEL,,D,21.9,CHI,54,85.72,68.31,0,0.00,0,0.00,20,0.37,84,1.56
NAZEM KADRI,,C,35.7,COL,77,85.7,51.31,0,0.00,0,0.00,4,0.05,74,0.96
JUSTIN BRAZEAU,,R,28.3,PIT,64,85.69,46.27,0,0.00,0,0.00,3,0.05,21,0.33
ESA LINDELL,,D,32.0,DAL,82,85.66,64.36,0,0.00,0,0.00,9,0.11,54,0.66
LARS ELLER,,C,37.1,OTT,68,85.65,50.35,0,0.00,0,0.00,2,0.03,20,0.29
CHANDLER STEPHENSON,,C,32.1,SEA,80,85.59,54.99,0,0.00,0,0.00,3,0.04,44,0.55
JONATHAN DROUIN,,R,31.2,STL,64,85.58,52.96,0,0.00,0,0.00,3,0.05,25,0.39
OLIVER BJORKSTRAND,,R,31.2,T.B,80,85.58,58.49,0,0.00,0,0.00,10,0.13,61,0.76
PEYTON KREBS,,L,25.4,BUF,82,85.54,54.65,0,0.00,0,0.00,5,0.06,32,0.39
LEO CARLSSON,,C,21.4,ANA,70,85.49,54.47,0,0.00,0,0.00,19,0.27,68,0.97
JORDAN KYROU,,R,28.1,STL,72,85.46,59.47,0,0.00,0,0.00,25,0.35,95,1.32
ANTHONY CIRELLI,,C,28.9,T.B,71,85.4,45.58,0,0.00,0,0.00,3,0.04,20,0.28
WILL BORGEN,,D,29.5,NYR,75,85.39,67.61,0,0.00,0,0.00,13,0.17,67,0.89
ROBBY FABBRI,,L,30.4,MIN,21,85.37,50.32,0,0.00,0,0.00,2,0.10,7,0.33
JAKE DEBRUSK,,L,29.6,VAN,81,85.35,47.83,0,0.00,0,0.00,13,0.16,49,0.60
PHILIPP KURASHEV,,C,26.6,S.J,43,85.33,55.8,0,0.00,0,0.00,7,0.16,18,0.42
MAX DOMI,,C,31.3,TOR,80,85.29,60.17,0,0.00,0,0.00,17,0.21,61,0.76
MAX SHABANOV,,L,25.7,NYI,44,85.24,58.7,0,0.00,0,0.00,7,0.16,30,0.68
FRASER MINTEN,,C,21.9,BOS,82,85.2,49.04,0,0.00,0,0.00,6,0.07,35,0.43
BRETT HOWDEN,,L,28.2,VGK,58,85.19,47.03,0,0.00,0,0.00,3,0.05,13,0.22
SAM CARRICK,,C,34.3,BUF,73,85.14,51.93,0,0.00,0,0.00,5,0.07,25,0.34
NICK LEDDY,,D,35.2,S.J,32,85.12,67.57,0,0.00,0,0.00,8,0.25,15,0.47
ALEX KILLORN,,L,36.7,ANA,82,85.09,50.39,0,0.00,0,0.00,12,0.15,38,0.46
JUSTIN HRYCKOWIAN,,L,25.3,DAL,81,85.09,44.61,0,0.00,0,0.00,2,0.02,14,0.17
COLE REINHARDT,,L,26.3,FLA,59,85.08,52.9,0,0.00,0,0.00,5,0.08,21,0.36
ERIC ROBINSON,,R,31.0,CAR,67,85.06,50.41,0,0.00,0,0.00,2,0.03,22,0.33
ZAKHAR BARDAKOV,,C,25.3,COL,60,85.04,54.92,0,0.00,0,0.00,7,0.12,13,0.22
ADAM FOX,,D,28.3,NYR,55,84.97,61.74,0,0.00,0,0.00,9,0.16,55,1.00
JAKE MIDDLETON,,D,30.4,MIN,75,84.91,65.11,0,0.00,0,0.00,4,0.05,45,0.60
WYATT JOHNSTON,,C,23.1,DAL,82,84.89,48.36,0,0.00,0,0.00,5,0.06,50,0.61
SEAN COUTURIER,,C,33.5,PHI,78,84.88,50.78,0,0.00,0,0.00,5,0.06,26,0.33
PIERRE-OLIVIER JOSEPH,,D,26.9,VAN,31,84.87,68.91,0,0.00,0,0.00,5,0.16,23,0.74
PONTUS HOLMBERG,,C,27.2,T.B,70,84.86,47.25,0,0.00,0,0.00,1,0.01,26,0.37
JOEL KIVIRANTA,,R,30.2,COL,51,84.85,55.11,0,0.00,0,0.00,5,0.10,17,0.33
RODRIGO ABOLS,,C,30.4,PHI,42,84.83,54.36,0,0.00,0,0.00,7,0.17,16,0.38
RYAN O'REILLY,,C,35.3,NSH,81,84.82,43.16,0,0.00,0,0.00,4,0.05,17,0.21
MARCO ROSSI,,C,24.7,VAN,50,84.78,51.61,0,0.00,0,0.00,1,0.02,26,0.52
ADAM GAUDETTE,,R,29.7,S.J,66,84.77,51.95,0,0.00,0,0.00,10,0.15,28,0.42
SAM REINHART,,R,30.6,FLA,64,84.77,50.6,0,0.00,0,0.00,7,0.11,52,0.81
BLAKE LIZOTTE,,C,28.5,PIT,55,84.76,46.9,0,0.00,0,0.00,1,0.02,7,0.13
COLTON SISSONS,,R,32.6,VGK,66,84.76,45.15,0,0.00,0,0.00,1,0.02,9,0.14
MARTIN POSPISIL,,R,26.5,CGY,22,84.73,60.01,0,0.00,0,0.00,2,0.09,10,0.45
BOBBY BRINK,,R,24.9,MIN,68,84.72,49.15,0,0.00,0,0.00,4,0.06,40,0.59
VILLE KOIVUNEN,,L,23.0,PIT,39,84.72,53.19,0,0.00,0,0.00,1,0.03,15,0.38
JUSTIN BARRON,,D,24.5,NSH,52,84.67,62.26,0,0.00,0,0.00,7,0.13,26,0.50
TROY STECHER,,D,32.2,TOR,64,84.65,63.92,0,0.00,0,0.00,10,0.16,43,0.67
NIKITA NESTERENKO,,L,24.7,ANA,29,84.61,51.04,0,0.00,0,0.00,3,0.10,8,0.28
DMITRI VORONKOV,,L,25.7,CBJ,63,84.6,42.04,0,0.00,0,0.00,6,0.10,11,0.17
MAX CROZIER,,D,26.1,T.B,35,84.52,63.51,0,0.00,0,0.00,6,0.17,15,0.43
VLADIMIR TARASENKO,,R,34.5,MIN,75,84.48,54.45,0,0.00,0,0.00,8,0.11,54,0.72
JJ PETERKA,,L,24.4,UTA,82,84.48,56.14,0,0.00,0,0.00,14,0.17,68,0.83
REID SCHAEFER,,L,22.7,NSH,47,84.45,52.03,0,0.00,0,0.00,5,0.11,16,0.34
ALEX STEEVES,,L,26.5,BOS,43,84.41,58.45,0,0.00,0,0.00,8,0.19,27,0.63
JACK DRURY,,C,26.3,COL,82,84.39,55.04,0,0.00,0,0.00,17,0.21,36,0.44
SPENCER STASTNEY,,D,26.4,EDM,66,84.37,68.77,0,0.00,0,0.00,5,0.08,63,0.95
JORDAN MARTINOOK,,R,33.9,CAR,77,84.36,53.04,0,0.00,0,0.00,12,0.16,54,0.70
ISAK ROSEN,,R,23.2,WPG,37,84.34,57.44,0,0.00,0,0.00,1,0.03,21,0.57
ALEXIS LAFRENIERE,,R,24.6,NYR,82,84.32,52.02,0,0.00,0,0.00,6,0.07,56,0.68
ZAYNE PAREKH,,D,20.3,CGY,37,84.32,65.21,0,0.00,0,0.00,4,0.11,52,1.41
CAM FOWLER,,D,34.5,STL,82,84.31,64.23,0,0.00,0,0.00,4,0.05,62,0.76
NICK JENSEN,,D,35.7,OTT,61,84.3,64.36,0,0.00,0,0.00,6,0.10,33,0.54
NOAH GREGOR,,R,27.9,FLA,37,84.3,54.9,0,0.00,0,0.00,4,0.11,14,0.38
JESPER BRATT,,L,27.8,N.J,82,84.3,53.73,0,0.00,0,0.00,6,0.07,70,0.85
TYSON JOST,,R,28.2,NSH,69,84.24,50.59,0,0.00,0,0.00,2,0.03,28,0.41
MILES WOOD,,L,30.7,CBJ,54,84.24,49.23,0,0.00,0,0.00,4,0.07,19,0.35
COLIN BLACKWELL,,R,33.2,DAL,70,84.23,51.37,0,0.00,0,0.00,3,0.04,16,0.23
JACKSON BLAKE,,R,22.8,CAR,81,84.22,46.57,0,0.00,0,0.00,3,0.04,40,0.49
GAGE GONCALVES,,L,25.4,T.B,74,84.22,51.4,0,0.00,0,0.00,5,0.07,20,0.27
MATT DUCHENE,,C,35.4,DAL,57,84.21,49.94,0,0.00,0,0.00,1,0.02,22,0.39
JACK MCBAIN,,L,26.4,UTA,75,84.14,43.54,0,0.00,0,0.00,3,0.04,15,0.20
TREVOR VAN RIEMSDYK,,D,34.9,WSH,68,84.14,60.49,0,0.00,0,0.00,4,0.06,29,0.43
DANTON HEINEN,,R,30.9,CBJ,46,84.12,51.61,0,0.00,0,0.00,2,0.04,13,0.28
CONOR GARLAND,,R,30.2,CBJ,71,84.12,48.91,0,0.00,0,0.00,6,0.08,26,0.37
HENDRIX LAPIERRE,,L,24.3,WSH,74,84.11,49.9,0,0.00,0,0.00,2,0.03,16,0.22
MICHAEL EYSSIMONT,,R,29.7,BOS,56,84.05,53.73,0,0.00,0,0.00,8,0.14,40,0.71
MAX SASSON,,L,25.7,VAN,66,84,53.9,0,0.00,0,0.00,1,0.02,17,0.26
ANTHONY BEAUVILLIER,,R,29.0,WSH,82,83.99,49.62,0,0.00,0,0.00,6,0.07,43,0.52
CONNOR DEWAR,,L,26.9,PIT,78,83.98,54.97,0,0.00,0,0.00,7,0.09,56,0.72
ZEEV BUIUM,,D,20.5,VAN,76,83.9,65.13,0,0.00,0,0.00,8,0.11,80,1.05
BRAD MARCHAND,,R,38.1,FLA,52,83.89,50.48,0,0.00,0,0.00,11,0.21,36,0.69
MATHEW BARZAL,,C,29.0,NYI,81,83.89,55.33,0,0.00,0,0.00,11,0.14,61,0.75
DYLAN STROME,,C,29.2,WSH,80,83.88,50.99,0,0.00,0,0.00,6,0.08,41,0.51
NICO STURM,,C,31.1,MIN,49,83.87,46.81,0,0.00,0,0.00,4,0.08,5,0.10
HUNTER BRZUSTEWICZ,,D,21.5,CGY,34,83.86,65.24,0,0.00,0,0.00,2,0.06,19,0.56
RYAN WINTERTON,,R,22.7,SEA,68,83.85,49.91,0,0.00,0,0.00,7,0.10,21,0.31
TYLER BERTUZZI,,R,31.3,CHI,79,83.82,46.43,0,0.00,0,0.00,7,0.09,39,0.49
FREDERICK GAUDREAU,,C,33.1,SEA,68,83.82,50.12,0,0.00,0,0.00,3,0.04,19,0.28
COLE PERFETTI,,L,24.4,WPG,68,83.78,49.72,0,0.00,0,0.00,6,0.09,44,0.65
BERKLY CATTON,,L,20.4,SEA,66,83.74,49.11,0,0.00,0,0.00,5,0.08,24,0.36
SCOTT SABOURIN,,R,33.8,T.B,26,83.73,49.78,0,0.00,0,0.00,3,0.12,3,0.12
JOEL FARABEE,,R,26.3,CGY,82,83.73,50.73,0,0.00,0,0.00,3,0.04,44,0.54
JACK HUGHES,,C,25.1,N.J,61,83.72,53.93,0,0.00,0,0.00,6,0.10,47,0.77
JESPER BOQVIST,,R,27.6,FLA,73,83.71,51.76,0,0.00,0,0.00,2,0.03,18,0.25
LINUS KARLSSON,,R,26.5,VAN,79,83.69,45.24,0,0.00,0,0.00,6,0.08,15,0.19
VINNIE HINOSTROZA,,R,32.2,FLA,65,83.65,54.21,0,0.00,0,0.00,1,0.02,26,0.40
URHO VAAKANAINEN,,D,27.4,NYR,34,83.58,68.28,0,0.00,0,0.00,5,0.15,30,0.88
VINCENT DESHARNAIS,,D,30.0,S.J,53,83.47,66.08,0,0.00,0,0.00,2,0.04,28,0.53
MIKAEL GRANLUND,,C,34.3,ANA,58,83.42,51.22,0,0.00,0,0.00,3,0.05,36,0.62
BRENDAN GALLAGHER,,R,34.1,MTL,77,83.41,48.62,0,0.00,0,0.00,3,0.04,31,0.40
BRANDON DUHAIME,,L,29.0,WSH,82,83.38,52.76,0,0.00,0,0.00,5,0.06,23,0.28
LUKE KUNIN,,C,28.5,FLA,62,83.3,55.11,0,0.00,0,0.00,3,0.05,23,0.37
JONATHAN HUBERDEAU,,L,33.0,CGY,50,83.29,49.76,0,0.00,0,0.00,3,0.06,28,0.56
RYAN GREENE,,L,22.6,CHI,81,83.27,54.11,0,0.00,0,0.00,7,0.09,38,0.47
KENT JOHNSON,,R,23.6,CBJ,76,83.26,55.11,0,0.00,0,0.00,3,0.04,44,0.58
MICHAEL RASMUSSEN,,C,27.1,DET,64,83.25,47.75,0,0.00,0,0.00,2,0.03,22,0.34
ALEX NEWHOOK,,L,25.3,MTL,42,83.24,54.31,0,0.00,0,0.00,6,0.14,21,0.50
TROY TERRY,,R,28.7,ANA,61,83.21,54.07,0,0.00,0,0.00,4,0.07,68,1.11
KIRBY DACH,,R,25.4,MTL,37,83.2,46.97,0,0.00,0,0.00,3,0.08,15,0.41
EETU LUOSTARINEN,,C,27.8,FLA,73,83.19,43.47,0,0.00,0,0.00,2,0.03,12,0.16
JASON ZUCKER,,L,34.4,BUF,62,83.15,45.22,0,0.00,0,0.00,2,0.03,23,0.37
GARNET HATHAWAY,,R,34.5,PHI,66,83.14,54.43,0,0.00,0,0.00,2,0.03,12,0.18
COLTON DACH,,L,23.4,EDM,61,83.14,53.6,0,0.00,0,0.00,9,0.15,24,0.39
CODY GLASS,,C,27.2,N.J,70,83.12,48.41,0,0.00,0,0.00,4,0.06,17,0.24
NICK FOLIGNO,,L,38.6,MIN,54,83.11,46.79,0,0.00,0,0.00,5,0.09,8,0.15
MIKEY ANDERSON,,D,27.0,L.A,80,83.11,63.14,0,0.00,0,0.00,8,0.10,49,0.61
ZACHARY L'HEUREUX,,L,23.1,NSH,25,83.07,43.2,0,0.00,0,0.00,2,0.08,6,0.24
JAKE GUENTZEL,,L,31.7,T.B,81,83.05,48.54,0,0.00,0,0.00,4,0.05,44,0.54
ROSS JOHNSTON,,L,32.3,ANA,62,83,47.08,0,0.00,0,0.00,1,0.02,4,0.06
BRENDAN GAUNCE,,C,32.2,CBJ,25,82.99,55.42,0,0.00,0,0.00,3,0.12,17,0.68
WILLIAM CARRIER,,L,31.5,CAR,70,82.97,46.33,0,0.00,0,0.00,1,0.01,11,0.16
LANDON SLAGGERT,,R,23.9,CHI,53,82.96,46.32,0,0.00,0,0.00,2,0.04,9,0.17
MARAT KHUSNUTDINOV,,L,23.9,BOS,77,82.94,46.35,0,0.00,0,0.00,1,0.01,19,0.25
NICK PAUL,,R,31.2,T.B,51,82.93,50.53,0,0.00,0,0.00,4,0.08,24,0.47
MATHIEU JOSEPH,,R,29.3,L.A,51,82.9,49.36,0,0.00,0,0.00,2,0.04,16,0.31
ISAAC HOWARD,,L,22.2,EDM,29,82.9,61.65,0,0.00,0,0.00,9,0.31,21,0.72
BRETT PESCE,,D,31.6,N.J,37,82.9,62.13,0,0.00,0,0.00,1,0.03,29,0.78
BARRETT HAYTON,,C,26.0,UTA,67,82.84,49,0,0.00,0,0.00,6,0.09,29,0.43
ZACHARY ASTON-REESE,,L,31.8,CBJ,27,82.8,50.73,0,0.00,0,0.00,1,0.04,5,0.19
JEFFREY VIEL,,R,29.3,ANA,45,82.79,46.86,0,0.00,0,0.00,3,0.07,14,0.31
TREVOR ZEGRAS,,C,25.2,PHI,81,82.79,57.2,0,0.00,0,0.00,8,0.10,77,0.95
ARSHDEEP BAINS,,L,25.4,VAN,28,82.77,45.53,0,0.00,0,0.00,1,0.04,0,0.00
TOMMY NOVAK,,C,29.1,PIT,82,82.73,48.64,0,0.00,0,0.00,2,0.02,26,0.32
NIKITA GREBENKIN,,L,23.1,PHI,55,82.7,53.71,0,0.00,0,0.00,4,0.07,11,0.20
SEAN MONAHAN,,C,31.6,CBJ,78,82.68,47.79,0,0.00,0,0.00,1,0.01,23,0.29
ADAM EDSTROM,,C,25.6,NYR,35,82.68,45.71,0,0.00,0,0.00,2,0.06,6,0.17
NATHAN WALKER,,R,32.3,STL,46,82.68,46.45,0,0.00,0,0.00,2,0.04,6,0.13
ANDREW COPP,,C,31.9,DET,79,82.63,43.28,0,0.00,0,0.00,9,0.11,19,0.24
ANTON LUNDELL,,C,24.7,FLA,64,82.56,52.13,0,0.00,0,0.00,3,0.05,48,0.75
STEVEN LORENTZ,,L,30.1,TOR,71,82.54,51.58,0,0.00,0,0.00,4,0.06,16,0.23
JAKE NEIGHBOURS,,L,24.2,STL,69,82.52,44.72,0,0.00,0,0.00,2,0.03,23,0.33
MATVEI MICHKOV,,R,21.5,PHI,81,82.5,51.55,0,0.00,0,0.00,2,0.02,36,0.44
NIC DOWD,,C,36.0,VGK,75,82.49,47.61,0,0.00,0,0.00,1,0.01,20,0.27
JORDAN EBERLE,,R,36.1,SEA,80,82.41,48.72,0,0.00,0,0.00,3,0.04,33,0.41
JACOB QUILLAN,,C,24.3,TOR,23,82.4,57.37,0,0.00,0,0.00,2,0.09,4,0.17
NOAH CATES,,C,27.3,PHI,82,82.36,48.73,0,0.00,0,0.00,6,0.07,36,0.44
ALEC REGULA,,D,25.8,EDM,29,82.28,66.25,0,0.00,0,0.00,3,0.10,13,0.45
LUKE GLENDENING,,L,37.1,PHI,70,82.23,43.81,0,0.00,0,0.00,2,0.03,8,0.11
ZACK OSTAPCHUK,,C,23.0,S.J,59,82.22,44.96,0,0.00,0,0.00,2,0.03,7,0.12
GABRIEL VILARDI,,R,26.8,WPG,82,82.1,44.2,0,0.00,0,0.00,6,0.07,33,0.40
PAVEL MINTYUKOV,,D,22.5,ANA,73,82.08,60.76,0,0.00,0,0.00,9,0.12,39,0.53
LUKAS REICHEL,,L,24.0,BOS,29,82.06,51.52,0,0.00,0,0.00,1,0.03,5,0.17
CONNOR MCDAVID,,C,29.4,EDM,82,82.05,48.39,0,0.00,0,0.00,5,0.06,56,0.68
BARCLAY GOODROW,,L,33.3,S.J,82,82.03,51.06,0,0.00,0,0.00,1,0.01,20,0.24
JESPERI KOTKANIEMI,,C,25.9,CAR,42,81.99,49.39,0,0.00,0,0.00,2,0.05,11,0.26
PAVOL REGENDA,,L,26.5,S.J,24,81.96,41.03,0,0.00,0,0.00,1,0.04,4,0.17
NATE DANIELSON,,C,21.7,DET,28,81.94,53.16,0,0.00,0,0.00,2,0.07,9,0.32
CURTIS LAZAR,,R,31.3,EDM,45,81.87,42.65,0,0.00,0,0.00,1,0.02,4,0.09
JORDAN GREENWAY,,L,29.3,BUF,40,81.81,55.29,0,0.00,0,0.00,2,0.05,16,0.40
ROBERT THOMAS,,C,26.9,STL,64,81.8,54.11,0,0.00,0,0.00,4,0.06,36,0.56
REILLY SMITH,,L,35.2,VGK,69,81.78,52.87,0,0.00,0,0.00,3,0.04,34,0.49
STEPHEN HALLIDAY,,C,23.9,OTT,30,81.76,47.07,0,0.00,0,0.00,2,0.07,7,0.23
JEAN-GABRIEL PAGEAU,,C,33.6,NYI,74,81.72,47.19,0,0.00,0,0.00,5,0.07,17,0.23
KEVIN HAYES,,C,34.1,PIT,28,81.67,51.74,0,0.00,0,0.00,2,0.07,16,0.57
NICOLAS ROY,,R,29.3,COL,74,81.66,45,0,0.00,0,0.00,2,0.03,15,0.20
LIAM O'BRIEN,,L,31.8,UTA,38,81.62,48.15,0,0.00,0,0.00,1,0.03,14,0.37
MORGAN FROST,,C,27.1,CGY,82,81.52,49.12,0,0.00,0,0.00,1,0.01,37,0.45
FEDOR SVECHKOV,,C,23.2,NSH,70,81.5,52.58,0,0.00,0,0.00,2,0.03,21,0.30
TIM WASHE,,C,24.8,ANA,39,81.49,45.59,0,0.00,0,0.00,2,0.05,5,0.13
COLE SCHWINDT,,C,25.1,FLA,29,81.48,45.89,0,0.00,0,0.00,2,0.07,6,0.21
MASON APPLETON,,R,30.4,DET,65,81.44,52.05,0,0.00,0,0.00,1,0.02,15,0.23
OSKAR SUNDQVIST,,C,32.2,STL,52,81.4,52.16,0,0.00,0,0.00,2,0.04,13,0.25
CURTIS DOUGLAS,,L,26.2,VAN,43,81.26,45.79,0,0.00,0,0.00,2,0.05,7,0.16
MATT SAVOIE,,L,22.4,EDM,82,81.26,50.92,0,0.00,0,0.00,5,0.06,36,0.44
CHRISTIAN DVORAK,,C,30.3,PHI,80,81.22,44.32,0,0.00,0,0.00,2,0.03,26,0.33
OTTO STENBERG,,L,21.0,STL,32,81.21,47.91,0,0.00,0,0.00,1,0.03,9,0.28
TEDDY BLUEGER,,C,31.8,VAN,35,81.17,55.82,0,0.00,0,0.00,2,0.06,12,0.34
JACK FINLEY,,C,23.8,STL,44,81.17,48.2,0,0.00,0,0.00,1,0.02,6,0.14
COLTON WHITE,,D,29.1,N.J,23,81.14,64.26,0,0.00,0,0.00,1,0.04,15,0.65
IGOR CHERNYSHOV,,L,20.5,S.J,28,81.13,47.6,0,0.00,0,0.00,1,0.04,8,0.29
TYSON KOZAK,,C,23.4,BUF,46,81.12,51.62,0,0.00,0,0.00,2,0.04,7,0.15
BRANDON SAAD,,L,33.6,VGK,49,81.11,47.99,0,0.00,0,0.00,1,0.02,9,0.18
ADAM ERNE,,L,31.1,DAL,45,81,51.54,0,0.00,0,0.00,1,0.02,11,0.24
NICK BJUGSTAD,,R,33.9,N.J,61,81,53.05,0,0.00,0,0.00,3,0.05,29,0.48
CALUM RITCHIE,,R,21.4,NYI,65,80.92,49.45,0,0.00,0,0.00,1,0.02,29,0.45
ZACH BENSON,,L,21.1,BUF,65,80.92,47.08,0,0.00,0,0.00,2,0.03,27,0.42
MAXIM TSYPLAKOV,,R,27.7,N.J,49,80.88,53.37,0,0.00,0,0.00,2,0.04,15,0.31
CONNOR BROWN,,R,32.4,N.J,75,80.8,47.62,0,0.00,0,0.00,1,0.01,18,0.24
RYAN POEHLING,,C,27.4,ANA,75,80.77,46.76,0,0.00,0,0.00,3,0.04,18,0.24
KEEGAN KOLESAR,,R,29.2,VGK,82,80.74,51.91,0,0.00,0,0.00,2,0.02,30,0.37
TYLER PITLICK,,C,34.6,MIN,32,80.7,49.22,0,0.00,0,0.00,1,0.03,6,0.19
RYAN STROME,,C,32.9,CGY,52,80.67,49.26,0,0.00,0,0.00,1,0.02,6,0.12
BEN JONES,,C,27.3,MIN,28,80.67,50.71,0,0.00,0,0.00,1,0.04,6,0.21
JAROSLAV CHMELAR,,R,22.9,NYR,28,80.66,53.63,0,0.00,0,0.00,1,0.04,8,0.29
TYLER SEGUIN,,C,34.3,DAL,27,80.52,46.72,0,0.00,0,0.00,1,0.04,7,0.26
JONATAN BERGGREN,,L,25.9,STL,51,80.47,53.84,0,0.00,0,0.00,1,0.02,18,0.35
NATHAN BASTIAN,,R,28.5,DAL,36,80.44,47.04,0,0.00,0,0.00,1,0.03,4,0.11
LUKE EVANGELISTA,,R,24.3,NSH,81,80.44,48.93,0,0.00,0,0.00,1,0.01,47,0.58
DAVID KAMPF,,C,31.4,WSH,40,80.4,43.11,0,0.00,0,0.00,1,0.03,9,0.23
SHANE WRIGHT,,C,22.4,SEA,74,80.37,49.83,0,0.00,0,0.00,2,0.03,37,0.50
RYAN REAVES,,R,39.4,S.J,50,80.36,45.31,0,0.00,0,0.00,1,0.02,6,0.12
MATTHEW WOOD,,C,21.3,NSH,71,80.36,51.32,0,0.00,0,0.00,1,0.01,38,0.54
JOSH DUNNE,,R,27.5,BUF,34,80.09,46.35,0,0.00,0,0.00,2,0.06,4,0.12
DAKOTA JOSHUA,,L,30.1,TOR,55,80.04,41.25,0,0.00,0,0.00,1,0.02,7,0.13
CARL GRUNDSTROM,,L,28.5,PHI,47,80.03,55.58,0,0.00,0,0.00,1,0.02,25,0.53
STEFAN NOESEN,,L,33.3,N.J,38,80.02,42.14,0,0.00,0,0.00,2,0.05,7,0.18
CONOR SHEARY,,R,34.0,NYR,62,79.95,50.9,0,0.00,0,0.00,0,0.00,20,0.32
MARK JANKOWSKI,,C,31.7,CAR,68,79.91,45.24,0,0.00,0,0.00,0,0.00,13,0.19
EVGENII DADONOV,,L,37.2,N.J,24,79.66,45.84,0,0.00,0,0.00,0,0.00,2,0.08
NOAH LABA,,C,22.8,NYR,74,79.63,46,0,0.00,0,0.00,0,0.00,16,0.22
ALEX TURCOTTE,,C,25.3,L.A,62,79.46,41.86,0,0.00,0,0.00,0,0.00,7,0.11
DENVER BARKEY,,C,21.1,PHI,43,79.4,40.97,0,0.00,0,0.00,0,0.00,8,0.19
COLE SMITH,,L,30.6,VGK,63,79.3,45.57,0,0.00,0,0.00,0,0.00,16,0.25
MATTHEW TKACHUK,,R,28.5,FLA,31,79.23,50.43,0,0.00,0,0.00,0,0.00,37,1.19
BRAEDEN BOWMAN,,R,22.9,VGK,54,79.17,41.67,0,0.00,0,0.00,0,0.00,14,0.26
CONNOR ZARY,,L,24.7,CGY,74,78.91,48.11,0,0.00,0,0.00,0,0.00,39,0.53
COLLIN GRAF,,L,23.7,S.J,81,78.85,44.77,0,0.00,0,0.00,0,0.00,22,0.27
JEFF MALOTT,,L,29.8,L.A,58,78.82,45.92,0,0.00,0,0.00,0,0.00,15,0.26
ZACH HYMAN,,R,34.0,EDM,58,78.81,37.27,0,0.00,0,0.00,0,0.00,13,0.22
ISAC LUNDESTROM,,R,26.6,CBJ,68,78.67,51.62,0,0.00,0,0.00,0,0.00,10,0.15
JACOB MELANSON,,R,23.1,SEA,36,78.66,49.37,0,0.00,0,0.00,0,0.00,11,0.31
CASEY MITTELSTADT,,L,27.5,BOS,71,78.17,49.26,0,0.00,0,0.00,0,0.00,21,0.30
RYAN LOMBERG,,L,31.5,CGY,57,78.05,54.19,0,0.00,0,0.00,0,0.00,14,0.25
GABE PERREAULT,,L,21.1,NYR,49,77.78,47.06,0,0.00,0,0.00,0,0.00,9,0.18
JUHO LAMMIKKO,,L,30.3,,24,77.45,49.77,0,0.00,0,0.00,0,0.00,2,0.08
BRAYDEN POINT,,C,30.2,T.B,63,77.27,45.89,0,0.00,0,0.00,0,0.00,14,0.22
VLADISLAV NAMESTNIKOV,,C,33.5,WPG,60,77.2,48.1,0,0.00,0,0.00,0,0.00,5,0.08
NOEL ACCIARI,,R,34.5,PIT,67,76.98,45.51,0,0.00,0,0.00,0,0.00,11,0.16
SAMMY BLAIS,,L,30.0,MTL,21,76.94,47.97,0,0.00,0,0.00,0,0.00,3,0.14
SONNY MILANO,,R,30.1,WSH,31,76.85,46.32,0,0.00,0,0.00,0,0.00,4,0.13
ALEXANDER KERFOOT,,L,31.8,UTA,34,76.82,45.55,0,0.00,0,0.00,0,0.00,6,0.18
PATRICK KANE,,R,37.5,DET,67,76.45,55.4,0,0.00,0,0.00,0,0.00,45,0.67
GUSTAV NYQUIST,,L,36.8,WPG,51,76.34,49.2,0,0.00,0,0.00,0,0.00,10,0.20
OZZY WIESBLATT,,R,24.2,NSH,40,75.97,48.84,0,0.00,0,0.00,0,0.00,5,0.13
JAKE EVANS,,C,30.0,MTL,68,75.74,45.19,0,0.00,0,0.00,0,0.00,13,0.19
TOMAS NOSEK,,C,33.8,FLA,21,75.27,46.97,0,0.00,0,0.00,0,0.00,4,0.19
JOSH SAMANSKI,,C,24.2,EDM,24,74.67,48.47,0,0.00,0,0.00,0,0.00,3,0.13
BRAD LAMBERT,,R,22.5,WPG,25,73.85,47.85,0,0.00,0,0.00,0,0.00,8,0.32
OSKAR BACK,,C,26.2,DAL,72,72.86,36.98,0,0.00,0,0.00,0,0.00,1,0.01
SAM LAFFERTY,,C,31.2,CHI,29,71.64,41.53,0,0.00,0,0.00,0,0.00,1,0.03
MATT REMPE,,R,23.9,NYR,26,70.28,32.3,0,0.00,0,0.00,0,0.00,1,0.04
MATTIAS JANMARK,,L,33.5,EDM,43,68.33,38.62,0,0.00,0,0.00,0,0.00,0,0.00
